-- MySQL dump 10.13  Distrib 5.5.15, for Win32 (x86)
--
-- Host: localhost    Database: sisys2
-- ------------------------------------------------------
-- Server version	5.5.15

/*!40101 SET @OLD_CHARACTER_SET_CLIENT=@@CHARACTER_SET_CLIENT */;
/*!40101 SET @OLD_CHARACTER_SET_RESULTS=@@CHARACTER_SET_RESULTS */;
/*!40101 SET @OLD_COLLATION_CONNECTION=@@COLLATION_CONNECTION */;
/*!40101 SET NAMES utf8 */;
/*!40103 SET @OLD_TIME_ZONE=@@TIME_ZONE */;
/*!40103 SET TIME_ZONE='+00:00' */;
/*!40014 SET @OLD_UNIQUE_CHECKS=@@UNIQUE_CHECKS, UNIQUE_CHECKS=0 */;
/*!40014 SET @OLD_FOREIGN_KEY_CHECKS=@@FOREIGN_KEY_CHECKS, FOREIGN_KEY_CHECKS=0 */;
/*!40101 SET @OLD_SQL_MODE=@@SQL_MODE, SQL_MODE='NO_AUTO_VALUE_ON_ZERO' */;
/*!40111 SET @OLD_SQL_NOTES=@@SQL_NOTES, SQL_NOTES=0 */;

--
-- Table structure for table `backkind`
--

DROP TABLE IF EXISTS `backkind`;
/*!40101 SET @saved_cs_client     = @@character_set_client */;
/*!40101 SET character_set_client = utf8 */;
CREATE TABLE `backkind` (
  `Id` int(11) NOT NULL AUTO_INCREMENT,
  `name` varchar(20) DEFAULT NULL,
  PRIMARY KEY (`Id`)
) ENGINE=InnoDB DEFAULT CHARSET=utf8;
/*!40101 SET character_set_client = @saved_cs_client */;

--
-- Dumping data for table `backkind`
--

LOCK TABLES `backkind` WRITE;
/*!40000 ALTER TABLE `backkind` DISABLE KEYS */;
/*!40000 ALTER TABLE `backkind` ENABLE KEYS */;
UNLOCK TABLES;

--
-- Table structure for table `backworkform`
--

DROP TABLE IF EXISTS `backworkform`;
/*!40101 SET @saved_cs_client     = @@character_set_client */;
/*!40101 SET character_set_client = utf8 */;
CREATE TABLE `backworkform` (
  `Id` int(11) NOT NULL AUTO_INCREMENT,
  `proNo` varchar(20) DEFAULT NULL,
  `batchNo` varchar(20) DEFAULT NULL,
  `procNo` varchar(20) DEFAULT NULL,
  `staNo` varchar(20) DEFAULT NULL,
  `kind` varchar(200) DEFAULT NULL,
  `workHours` double DEFAULT NULL,
  `name` varchar(20) DEFAULT NULL,
  `checkNo` varchar(20) DEFAULT NULL,
  `respNo` varchar(20) DEFAULT NULL,
  `time` date DEFAULT NULL,
  `isDelete` int(11) DEFAULT NULL,
  `deleteTime` date DEFAULT NULL,
  PRIMARY KEY (`Id`)
) ENGINE=InnoDB DEFAULT CHARSET=utf8;
/*!40101 SET character_set_client = @saved_cs_client */;

--
-- Dumping data for table `backworkform`
--

LOCK TABLES `backworkform` WRITE;
/*!40000 ALTER TABLE `backworkform` DISABLE KEYS */;
/*!40000 ALTER TABLE `backworkform` ENABLE KEYS */;
UNLOCK TABLES;

--
-- Table structure for table `batch`
--

DROP TABLE IF EXISTS `batch`;
/*!40101 SET @saved_cs_client     = @@character_set_client */;
/*!40101 SET character_set_client = utf8 */;
CREATE TABLE `batch` (
  `Id` int(11) NOT NULL AUTO_INCREMENT,
  `batchNo` varchar(20) DEFAULT NULL,
  `flowId` int(11) DEFAULT NULL,
  `proId` int(11) DEFAULT NULL,
  `status` int(11) DEFAULT NULL,
  `startTime` datetime DEFAULT NULL,
  `endTime` datetime DEFAULT NULL,
  `totalNum` int(11) DEFAULT NULL,
  `note` varchar(20) DEFAULT NULL,
  `isDelete` int(11) DEFAULT '0',
  `deleteTime` date DEFAULT NULL,
  PRIMARY KEY (`Id`),
  KEY `FK_Reference_5` (`flowId`),
  KEY `FK_Reference_6` (`proId`),
  CONSTRAINT `FK_Reference_6` FOREIGN KEY (`proId`) REFERENCES `product` (`Id`) ON UPDATE CASCADE,
  CONSTRAINT `FK_Reference_5` FOREIGN KEY (`flowId`) REFERENCES `flowpath` (`Id`) ON UPDATE CASCADE
) ENGINE=InnoDB DEFAULT CHARSET=utf8;
/*!40101 SET character_set_client = @saved_cs_client */;

--
-- Dumping data for table `batch`
--

LOCK TABLES `batch` WRITE;
/*!40000 ALTER TABLE `batch` DISABLE KEYS */;
/*!40000 ALTER TABLE `batch` ENABLE KEYS */;
UNLOCK TABLES;

--
-- Table structure for table `department`
--

DROP TABLE IF EXISTS `department`;
/*!40101 SET @saved_cs_client     = @@character_set_client */;
/*!40101 SET character_set_client = utf8 */;
CREATE TABLE `department` (
  `Id` int(11) NOT NULL AUTO_INCREMENT,
  `deptNo` varchar(20) DEFAULT NULL,
  `deptName` varchar(20) DEFAULT NULL,
  `isDelete` int(11) DEFAULT '0',
  `deleteTime` date DEFAULT NULL,
  PRIMARY KEY (`Id`)
) ENGINE=InnoDB AUTO_INCREMENT=7 DEFAULT CHARSET=utf8;
/*!40101 SET character_set_client = @saved_cs_client */;

--
-- Dumping data for table `department`
--

LOCK TABLES `department` WRITE;
/*!40000 ALTER TABLE `department` DISABLE KEYS */;
INSERT INTO `department` VALUES (1,'1','制造一部',0,NULL),(2,'2','制造二部',0,NULL),(3,'3','制造三部',0,NULL),(4,'4','制造四部',0,NULL),(5,'5','制造五部',0,NULL),(6,'6','制造六部',0,NULL);
/*!40000 ALTER TABLE `department` ENABLE KEYS */;
UNLOCK TABLES;

--
-- Table structure for table `disqkind`
--

DROP TABLE IF EXISTS `disqkind`;
/*!40101 SET @saved_cs_client     = @@character_set_client */;
/*!40101 SET character_set_client = utf8 */;
CREATE TABLE `disqkind` (
  `Id` int(11) NOT NULL AUTO_INCREMENT,
  `disDesc` varchar(30) DEFAULT NULL,
  `kind` int(11) DEFAULT NULL,
  `isDelete` int(11) DEFAULT '0',
  `deleteTime` date DEFAULT NULL,
  PRIMARY KEY (`Id`)
) ENGINE=InnoDB DEFAULT CHARSET=utf8;
/*!40101 SET character_set_client = @saved_cs_client */;

--
-- Dumping data for table `disqkind`
--

LOCK TABLES `disqkind` WRITE;
/*!40000 ALTER TABLE `disqkind` DISABLE KEYS */;
/*!40000 ALTER TABLE `disqkind` ENABLE KEYS */;
UNLOCK TABLES;

--
-- Table structure for table `disqkinddetail`
--

DROP TABLE IF EXISTS `disqkinddetail`;
/*!40101 SET @saved_cs_client     = @@character_set_client */;
/*!40101 SET character_set_client = utf8 */;
CREATE TABLE `disqkinddetail` (
  `Id` int(11) NOT NULL AUTO_INCREMENT,
  `disqKId` int(11) DEFAULT NULL,
  `disqKNum` int(11) DEFAULT NULL,
  `time` date DEFAULT NULL,
  PRIMARY KEY (`Id`)
) ENGINE=InnoDB DEFAULT CHARSET=utf8;
/*!40101 SET character_set_client = @saved_cs_client */;

--
-- Dumping data for table `disqkinddetail`
--

LOCK TABLES `disqkinddetail` WRITE;
/*!40000 ALTER TABLE `disqkinddetail` DISABLE KEYS */;
/*!40000 ALTER TABLE `disqkinddetail` ENABLE KEYS */;
UNLOCK TABLES;

--
-- Table structure for table `flowpath`
--

DROP TABLE IF EXISTS `flowpath`;
/*!40101 SET @saved_cs_client     = @@character_set_client */;
/*!40101 SET character_set_client = utf8 */;
CREATE TABLE `flowpath` (
  `Id` int(11) NOT NULL AUTO_INCREMENT,
  `sequence` varchar(300) DEFAULT NULL,
  `proId` int(11) DEFAULT NULL,
  `isDelete` int(11) DEFAULT '0',
  `deleteTime` date DEFAULT NULL,
  PRIMARY KEY (`Id`),
  KEY `FK_Reference_10` (`proId`),
  CONSTRAINT `FK_Reference_10` FOREIGN KEY (`proId`) REFERENCES `product` (`Id`) ON UPDATE CASCADE
) ENGINE=InnoDB DEFAULT CHARSET=utf8;
/*!40101 SET character_set_client = @saved_cs_client */;

--
-- Dumping data for table `flowpath`
--

LOCK TABLES `flowpath` WRITE;
/*!40000 ALTER TABLE `flowpath` DISABLE KEYS */;
/*!40000 ALTER TABLE `flowpath` ENABLE KEYS */;
UNLOCK TABLES;

--
-- Table structure for table `processes`
--

DROP TABLE IF EXISTS `processes`;
/*!40101 SET @saved_cs_client     = @@character_set_client */;
/*!40101 SET character_set_client = utf8 */;
CREATE TABLE `processes` (
  `Id` int(11) NOT NULL AUTO_INCREMENT,
  `procName` varchar(20) DEFAULT NULL,
  `colorNo` varchar(10) DEFAULT NULL,
  `procNo` varchar(20) DEFAULT NULL,
  `unitOutput` double DEFAULT NULL,
  `unitCost` double DEFAULT NULL,
  `isDelete` int(11) DEFAULT '0',
  `deleteTime` date DEFAULT NULL,
  PRIMARY KEY (`Id`)
) ENGINE=InnoDB DEFAULT CHARSET=utf8;
/*!40101 SET character_set_client = @saved_cs_client */;

--
-- Dumping data for table `processes`
--

LOCK TABLES `processes` WRITE;
/*!40000 ALTER TABLE `processes` DISABLE KEYS */;
/*!40000 ALTER TABLE `processes` ENABLE KEYS */;
UNLOCK TABLES;

--
-- Table structure for table `product`
--

DROP TABLE IF EXISTS `product`;
/*!40101 SET @saved_cs_client     = @@character_set_client */;
/*!40101 SET character_set_client = utf8 */;
CREATE TABLE `product` (
  `Id` int(11) NOT NULL AUTO_INCREMENT,
  `deptId` int(11) DEFAULT NULL,
  `prolineId` int(11) DEFAULT NULL,
  `proNo` varchar(20) DEFAULT NULL,
  `proName` varchar(20) DEFAULT NULL,
  `proCycle` int(11) DEFAULT NULL,
  `isDelete` int(11) DEFAULT '0',
  `deleteTime` date DEFAULT NULL,
  PRIMARY KEY (`Id`),
  KEY `FK_Reference_14` (`deptId`),
  KEY `FK_Reference_22` (`prolineId`),
  CONSTRAINT `FK_Reference_22` FOREIGN KEY (`prolineId`) REFERENCES `productline` (`Id`) ON UPDATE CASCADE,
  CONSTRAINT `FK_Reference_14` FOREIGN KEY (`deptId`) REFERENCES `department` (`Id`) ON UPDATE CASCADE
) ENGINE=InnoDB DEFAULT CHARSET=utf8;
/*!40101 SET character_set_client = @saved_cs_client */;

--
-- Dumping data for table `product`
--

LOCK TABLES `product` WRITE;
/*!40000 ALTER TABLE `product` DISABLE KEYS */;
/*!40000 ALTER TABLE `product` ENABLE KEYS */;
UNLOCK TABLES;

--
-- Table structure for table `productline`
--

DROP TABLE IF EXISTS `productline`;
/*!40101 SET @saved_cs_client     = @@character_set_client */;
/*!40101 SET character_set_client = utf8 */;
CREATE TABLE `productline` (
  `Id` int(11) NOT NULL AUTO_INCREMENT,
  `lineNo` int(11) DEFAULT NULL,
  `lineDesc` varchar(20) DEFAULT NULL,
  `isDelete` int(11) DEFAULT '0',
  `deleteTime` date DEFAULT NULL,
  PRIMARY KEY (`Id`)
) ENGINE=InnoDB DEFAULT CHARSET=utf8;
/*!40101 SET character_set_client = @saved_cs_client */;

--
-- Dumping data for table `productline`
--

LOCK TABLES `productline` WRITE;
/*!40000 ALTER TABLE `productline` DISABLE KEYS */;
/*!40000 ALTER TABLE `productline` ENABLE KEYS */;
UNLOCK TABLES;

--
-- Table structure for table `prohash`
--

DROP TABLE IF EXISTS `prohash`;
/*!40101 SET @saved_cs_client     = @@character_set_client */;
/*!40101 SET character_set_client = utf8 */;
CREATE TABLE `prohash` (
  `Id` int(11) NOT NULL AUTO_INCREMENT,
  `proNo` varchar(20) DEFAULT NULL,
  `hash` int(11) DEFAULT NULL,
  `own` int(11) DEFAULT NULL,
  PRIMARY KEY (`Id`)
) ENGINE=InnoDB DEFAULT CHARSET=utf8;
/*!40101 SET character_set_client = @saved_cs_client */;

--
-- Dumping data for table `prohash`
--

LOCK TABLES `prohash` WRITE;
/*!40000 ALTER TABLE `prohash` DISABLE KEYS */;
/*!40000 ALTER TABLE `prohash` ENABLE KEYS */;
UNLOCK TABLES;

--
-- Table structure for table `scheduletab`
--

DROP TABLE IF EXISTS `scheduletab`;
/*!40101 SET @saved_cs_client     = @@character_set_client */;
/*!40101 SET character_set_client = utf8 */;
CREATE TABLE `scheduletab` (
  `Id` int(11) NOT NULL AUTO_INCREMENT,
  `batchId` int(11) DEFAULT NULL,
  `procId` int(11) DEFAULT NULL,
  `time` date DEFAULT NULL,
  `colorNo` varchar(10) DEFAULT NULL,
  `num` int(11) DEFAULT NULL,
  `quaNum` int(11) DEFAULT NULL,
  `disqNum` int(11) DEFAULT NULL,
  `isEnd` int(11) DEFAULT NULL,
  PRIMARY KEY (`Id`),
  KEY `FK_Reference_16` (`batchId`),
  CONSTRAINT `FK_Reference_16` FOREIGN KEY (`batchId`) REFERENCES `batch` (`Id`) ON UPDATE CASCADE
) ENGINE=InnoDB DEFAULT CHARSET=utf8;
/*!40101 SET character_set_client = @saved_cs_client */;

--
-- Dumping data for table `scheduletab`
--

LOCK TABLES `scheduletab` WRITE;
/*!40000 ALTER TABLE `scheduletab` DISABLE KEYS */;
/*!40000 ALTER TABLE `scheduletab` ENABLE KEYS */;
UNLOCK TABLES;

--
-- Table structure for table `smallwf`
--

DROP TABLE IF EXISTS `smallwf`;
/*!40101 SET @saved_cs_client     = @@character_set_client */;
/*!40101 SET character_set_client = utf8 */;
CREATE TABLE `smallwf` (
  `Id` int(11) NOT NULL AUTO_INCREMENT,
  `wfId` int(11) DEFAULT NULL,
  `proNo` varchar(20) DEFAULT NULL,
  `procId` int(11) DEFAULT NULL,
  `quaNum` int(11) DEFAULT NULL,
  `disqDetail` varchar(100) DEFAULT NULL,
  `staffNo` varchar(20) DEFAULT NULL,
  `bworkHours` double DEFAULT NULL,
  `salary` double DEFAULT NULL,
  `gWasteNum` int(11) DEFAULT NULL,
  `lWasteNum` int(11) DEFAULT NULL,
  `time` date DEFAULT NULL,
  `isDelete` int(11) DEFAULT NULL,
  `deleteTime` date DEFAULT NULL,
  PRIMARY KEY (`Id`)
) ENGINE=InnoDB DEFAULT CHARSET=utf8;
/*!40101 SET character_set_client = @saved_cs_client */;

--
-- Dumping data for table `smallwf`
--

LOCK TABLES `smallwf` WRITE;
/*!40000 ALTER TABLE `smallwf` DISABLE KEYS */;
/*!40000 ALTER TABLE `smallwf` ENABLE KEYS */;
UNLOCK TABLES;

--
-- Table structure for table `staff`
--

DROP TABLE IF EXISTS `staff`;
/*!40101 SET @saved_cs_client     = @@character_set_client */;
/*!40101 SET character_set_client = utf8 */;
CREATE TABLE `staff` (
  `Id` int(11) NOT NULL AUTO_INCREMENT,
  `deptId` int(11) DEFAULT NULL,
  `kind` varchar(20) DEFAULT NULL,
  `staName` varchar(20) DEFAULT NULL,
  `staNo` varchar(20) DEFAULT NULL,
  `isDelete` int(11) DEFAULT '0',
  `deleteTime` date DEFAULT NULL,
  `isValidater` int(11) DEFAULT '0',
  PRIMARY KEY (`Id`),
  KEY `AK_Key_2` (`Id`),
  KEY `FK_Reference_15` (`deptId`),
  CONSTRAINT `FK_Reference_15` FOREIGN KEY (`deptId`) REFERENCES `department` (`Id`) ON UPDATE CASCADE
) ENGINE=InnoDB AUTO_INCREMENT=746 DEFAULT CHARSET=utf8;
/*!40101 SET character_set_client = @saved_cs_client */;

--
-- Dumping data for table `staff`
--

LOCK TABLES `staff` WRITE;
/*!40000 ALTER TABLE `staff` DISABLE KEYS */;
INSERT INTO `staff` VALUES (1,1,'部长','左刚锋','10001',0,NULL,0),(2,1,'部长助理','彭友厚','10002',0,NULL,0),(3,1,'综合管理员','郑保安','10003',0,NULL,0),(4,1,'主管技术员','姚志刚','10004',0,NULL,0),(5,1,'质量管理员','李晓玲','10005',0,NULL,0),(6,1,'压制调整师','邓生明','10006',0,NULL,0),(7,1,'模具管理员','朱  霜','10007',0,NULL,0),(8,1,'线长','徐  彪','11008',0,NULL,0),(9,1,'副线长','张双才','11009',0,NULL,0),(10,1,'混料/班长','宋  彬','11010',0,NULL,0),(11,1,'混料','王开国','11011',0,NULL,0),(12,1,'混料','雷  林','11012',0,NULL,0),(13,1,'混料','余成文','11013',0,NULL,0),(14,1,'压制（班长）','余华柱','11014',0,NULL,0),(15,1,'压制工','王荣华','11015',0,NULL,0),(16,1,'压制工','黄昌文','11016',0,NULL,0),(17,1,'压制工','李  成','11017',0,NULL,0),(18,1,'压制工','潘  龙','11018',0,NULL,0),(19,1,'压制工','罗  云','11019',0,NULL,0),(20,1,'压制工','陈  建','11020',0,NULL,0),(21,1,'压制工','冷开祥','11021',0,NULL,0),(22,1,'压制工','毛绪尧','11022',0,NULL,0),(23,1,'压制/辅工','曹建林','11023',0,NULL,0),(24,1,'压制工','李  华','11024',0,NULL,0),(25,1,'压制（班长）','胡大伟','11025',0,NULL,0),(26,1,'压制工','刘度才','11026',0,NULL,0),(27,1,'压制工','王刚清','11027',0,NULL,0),(28,1,'压制工','彭瑞祥','11028',0,NULL,0),(29,1,'压制工','幸显华','11029',0,NULL,0),(30,1,'压制工','何成杰','11030',0,NULL,0),(31,1,'铣工','庞建育','11031',0,NULL,0),(32,1,'压制/辅工','张  贵','11032',0,NULL,0),(33,1,'压制/辅工','赵邓华','11033',0,NULL,0),(34,1,'烧结班长','魏世礼','11034',0,NULL,0),(35,1,'烧结工','刘兆云','11035',0,NULL,0),(36,1,'烧结工','龚恩平','11036',0,NULL,0),(37,1,'烧结工','邱钦莉','11037',0,NULL,0),(38,1,'烧结工','贺伍勇','11038',0,NULL,0),(39,1,'烧结工','张喜尧','11039',0,NULL,0),(40,1,'烧结工','杨正碧','11040',0,NULL,0),(41,1,'烧结班长','罗秀兰','11041',0,NULL,0),(42,1,'烧结工','刘永秀','11042',0,NULL,0),(43,1,'烧结工','蒋中华','11043',0,NULL,0),(44,1,'烧结工','秦怀碧','11044',0,NULL,0),(45,1,'烧结工','李建华','11045',0,NULL,0),(46,1,'烧结工','邵珍英','11046',0,NULL,0),(47,1,'烧结工','段新要','11047',0,NULL,0),(48,1,'烧结班长','黄章平','11048',0,NULL,0),(49,1,'烧结工','赵代明','11049',0,NULL,0),(50,1,'烧结工','刘泽春','11050',0,NULL,0),(51,1,'烧结工','刘  杰','11051',0,NULL,0),(52,1,'烧结工','杨伯周','11052',0,NULL,0),(53,1,'烧结工','杨光碧','11053',0,NULL,0),(54,1,'烧结工','熊红梅','11054',0,NULL,0),(55,1,'烧结工','刘运姣','11055',0,NULL,0),(56,1,'线长','杨  鹏','12055',0,NULL,0),(57,1,'班长','李顺文','12056',0,NULL,0),(58,1,'铣工','穆伦洪','12057',0,NULL,0),(59,1,'铣工','黄光祥','12058',0,NULL,0),(60,1,'成检','盛长会','12059',0,NULL,0),(61,1,'清洗包装','李万才','12060',0,NULL,0),(62,1,'班长','魏昭伦','12061',0,NULL,0),(63,1,'铣工','陈  渊','12062',0,NULL,0),(64,1,'铣工','车怀久','12063',0,NULL,0),(65,1,'铣工','雷贤辉','12064',0,NULL,0),(66,1,'成检','李  群','12065',0,NULL,0),(67,1,'钻工','胡凤兰','12066',0,NULL,0),(68,1,'专检','杨玉琼','12067',0,NULL,0),(69,1,'钻工','秦树云','12068',0,NULL,0),(70,1,'清洗包装','王章彬','12069',0,NULL,0),(71,1,'班长','杨显林','12070',0,NULL,0),(72,1,'铣工','姚常益','12071',0,NULL,0),(73,1,'铣工','毛　键','12072',0,NULL,0),(74,1,'铣工','何小冬','12073',0,NULL,0),(75,1,'铣工','何小林','12074',0,NULL,0),(76,1,'成检','刘真英','12075',0,NULL,0),(77,1,'成检','李诗坤','12076',0,NULL,0),(78,1,'钻工','唐  川','12077',0,NULL,0),(79,1,'钻工','刘  月','12078',0,NULL,0),(80,1,'专检','陈映芳','12079',0,NULL,0),(81,1,'钻工','魏世莲','12080',0,NULL,0),(82,1,'清洗包装','赵久萍','12081',0,NULL,0),(83,1,'线长','黄昭银','13082',0,NULL,0),(84,1,'班长','王  建','13083',0,NULL,0),(85,1,'铣工','穆伦友','13084',0,NULL,0),(86,1,'铣工','段平全','13085',0,NULL,0),(87,1,'铣工','唐小桐','13086',0,NULL,0),(88,1,'铣工','蔡德梁','13087',0,NULL,0),(89,1,'铣工','刘久林','13088',0,NULL,0),(90,1,'成检','兰明巧','13089',0,NULL,0),(91,1,'车工','吴荣锋','13090',0,NULL,0),(92,1,'车工','万  旭','13091',0,NULL,0),(93,1,'钻工','黄燕敏','13092',0,NULL,0),(94,1,'专检','陈国芳','13093',0,NULL,0),(95,1,'专检','万禄会','13094',0,NULL,0),(96,1,'清洗包装','李全川','13095',0,NULL,0),(97,1,'班长','秦  川','13096',0,NULL,0),(98,1,'铣工','赵  阳','13097',0,NULL,0),(99,1,'铣工','张  映','13098',0,NULL,0),(100,1,'铣工','唐昭清','13099',0,NULL,0),(101,1,'铣工','李阳春','13100',0,NULL,0),(102,1,'铣工','王  杰','13101',0,NULL,0),(103,1,'铣工','周余能','13102',0,NULL,0),(104,1,'车工','何小平','13103',0,NULL,0),(105,1,'车工','王家洪','13104',0,NULL,0),(106,1,'磨工','程迪高','13105',0,NULL,0),(107,1,'车工','何进松','13106',0,NULL,0),(108,1,'成检','穆文荣','13107',0,NULL,0),(109,1,'钻工','刘正言','13108',0,NULL,0),(110,1,'钻工','陈叶嘎','13109',0,NULL,0),(111,1,'专检','张  平','13110',0,NULL,0),(112,1,'清洗包装','陶秀贞','13111',0,NULL,0),(113,1,'班长','肖文超','13112',0,NULL,0),(114,1,'铣工','彭  华','13113',0,NULL,0),(115,1,'铣工','周洪涛','13114',0,NULL,0),(116,1,'成检','辜祥素','13115',0,NULL,0),(117,1,'专检','穆伦会','13116',0,NULL,0),(118,1,'专检','喻　洪','13117',0,NULL,0),(119,1,'钻工','刘兴芳','13118',0,NULL,0),(120,1,'钻工','廖长春','13119',0,NULL,0),(121,2,'部长','刘 波','20001',0,NULL,0),(122,2,'部长助理','张 洪','20002',0,NULL,0),(123,2,'综合管理员','帖富华','20003',0,NULL,0),(124,2,'线长','刘显红','21004',0,NULL,0),(125,2,'铣床、钻床、磨床','廖学昆','21005',0,NULL,0),(126,2,'钻床、磨床','刘贵春','21006',0,NULL,0),(127,2,'压铸工','冯光亮','21007',0,NULL,0),(128,2,'磨工','邓隆勇','21008',0,NULL,0),(129,2,'钳工','刘素才','21009',0,NULL,0),(130,2,'钳工','陈雪艳','21010',0,NULL,0),(131,2,'去毛刺','邹福琼','21011',0,NULL,0),(132,2,'钻床','邓隆新','21012',0,NULL,0),(133,2,'车工','周 燕','21013',0,NULL,0),(134,2,'磨工、倒角','杨振勇','21014',0,NULL,0),(135,2,'钻床','王世禄','21015',0,NULL,0),(136,2,'铣床、钻床','丁富芝','21016',0,NULL,0),(137,2,'挤齿','蒲小玲','21017',0,NULL,0),(138,2,'磨工、钻床','张文木','21018',0,NULL,0),(139,2,'线长','黄明均','22019',0,NULL,0),(140,2,'倒角机','李 玉','22020',0,NULL,0),(141,2,'磨工','王子兰','22021',0,NULL,0),(142,2,'压铸工、铣床','王 伟','22022',0,NULL,0),(143,2,'车工','朱章兵','22023',0,NULL,0),(144,2,'拉床','刘年亮','22024',0,NULL,0),(145,2,'拉床','邓隆全','22025',0,NULL,0),(146,2,'车工','邓隆逊','22026',0,NULL,0),(147,2,'车工、装配','李小明','22027',0,NULL,0),(148,2,'倒角机、剃齿机','钱申红','22028',0,NULL,0),(149,2,'钳工','廖祥书','22029',0,NULL,0),(150,2,'车工、挤齿','谢德健','22030',0,NULL,0),(151,2,'剃齿机、滚齿','段玉春','22031',0,NULL,0),(152,2,'全检、包装','史洪春','22032',0,NULL,0),(153,2,'压淬','李治高','22033',0,NULL,0),(154,2,'挤齿、车工','潘旭','22034',0,NULL,0),(155,2,'装配工','张基群','22035',0,NULL,0),(156,2,'数控车工','丁超','22036',0,NULL,0),(157,2,'铣工','吕龙','22037',0,NULL,0),(158,2,'压淬','朱颖','22038',0,NULL,0),(159,2,'','钱中伟','22039',0,NULL,0),(160,2,'装配工','何华利','22040',0,NULL,0),(161,2,'数控车工','王志杰','22041',0,NULL,0),(162,2,'装配工','甘露','22042',0,NULL,0),(163,2,'','代星','22043',0,NULL,0),(164,2,'','何正喜','22044',0,NULL,0),(165,2,'','何勇','22045',0,NULL,0),(166,2,'','陈中会','22046',0,NULL,0),(167,2,'','张疆','22047',0,NULL,0),(168,2,'','朱大利','22048',0,NULL,0),(169,2,'拉床','吴三贵','22049',0,NULL,0),(170,2,'装配工','周建林','22050',0,NULL,0),(171,2,'装配工','邓隆芳','22051',0,NULL,0),(172,2,'倒角','王德禄','22052',0,NULL,0),(173,2,'装配工','刘文英','22053',0,NULL,0),(174,2,'','罗能玉','22054',0,NULL,0),(175,2,'','廖扬帆','22055',0,NULL,0),(176,3,'部长','杨章福','30001',0,NULL,0),(177,3,'技术员','黄  勇','30002',0,NULL,0),(178,3,'技术员','杨仁华','30003',0,NULL,0),(179,3,'部长助理','黄  辉','30004',0,NULL,0),(180,3,'技术员','郑国华','30005',0,NULL,0),(181,3,'驾驶员','黄恩俊','30006',0,NULL,0),(182,3,'铸造调整','传良伟','30007',0,NULL,0),(183,3,'技术员','王  洪','30008',0,NULL,0),(184,3,'工人','李  文','30009',0,NULL,0),(185,3,'设备员','罗晓伟','30010',0,NULL,0),(186,3,'检验','蒲朝会','30011',0,NULL,0),(187,3,'刀具库管员','陈义娟','30012',0,NULL,0),(188,3,'设备员、调整工','蔡启华','30013',0,NULL,0),(189,3,'加工中心调整','陈昌强','30014',0,NULL,0),(190,3,'加工中心调整','黄  亮','30015',0,NULL,0),(191,3,'组长','江绍河','31016',0,NULL,0),(192,3,'浇注工','李远超','31017',0,NULL,0),(193,3,'浇注工','谭  勇','31018',0,NULL,0),(194,3,'浇注工','汪  洋','31019',0,NULL,0),(195,3,'浇注工','肖泉国','31020',0,NULL,0),(196,3,'熔炼工','杨国林','31021',0,NULL,0),(197,3,'浇注工','郭明伦','31022',0,NULL,0),(198,3,'浇注工','张国佐','31023',0,NULL,0),(199,3,'浇注工','雷洪林','31024',0,NULL,0),(200,3,'组长','传良勇','31025',0,NULL,0),(201,3,'打毛刺','何天弟','31026',0,NULL,0),(202,3,'浇注工','刘  超','31027',0,NULL,0),(203,3,'浇注工','程光荣','31028',0,NULL,0),(204,3,'熔炼工','赵永高','31029',0,NULL,0),(205,3,'浇注工','吴邦全','31030',0,NULL,0),(206,3,'浇注工','杨章学','31031',0,NULL,0),(207,3,'浇注工','刘  林','31032',0,NULL,0),(208,3,'组长','李永才','31033',0,NULL,0),(209,3,'浇注工','方宜华','31034',0,NULL,0),(210,3,'浇注工','李义忠','31035',0,NULL,0),(211,3,'浇注工','龙子明','31036',0,NULL,0),(212,3,'浇注工','龙宝勇','31037',0,NULL,0),(213,3,'浇注工','黄登国','31038',0,NULL,0),(214,3,'浇注工','李  宇','31039',0,NULL,0),(215,3,'熔炼工','龙祖合','31040',0,NULL,0),(216,3,'组长','李  军','31041',0,NULL,0),(217,3,'砂芯工','文  革','31042',0,NULL,0),(218,3,'砂芯工','邱才中','31043',0,NULL,0),(219,3,'砂芯工','朱绍伦','31044',0,NULL,0),(220,3,'砂芯工','刘  全','31045',0,NULL,0),(221,3,'砂芯工','袁伍伦','31046',0,NULL,0),(222,3,'砂芯工','唐清高','31047',0,NULL,0),(223,3,'熔炼工','陈正元','31048',0,NULL,0),(224,3,'砂芯工','沈  宏','31049',0,NULL,0),(225,3,'砂芯工','刘小平','31050',0,NULL,0),(226,3,'砂芯工','吴传刚','31051',0,NULL,0),(227,3,'组长','张必华','31052',0,NULL,0),(228,3,'打毛刺、脱砂','江绍中','31053',0,NULL,0),(229,3,'打毛刺、脱砂','黄书军','31054',0,NULL,0),(230,3,'全检','杨正芬','31055',0,NULL,0),(231,3,'打毛刺、脱砂','张明才','31056',0,NULL,0),(232,3,'锯工、打毛刺','周  林','31057',0,NULL,0),(233,3,'焊工','黄泰芳','31058',0,NULL,0),(234,3,'打毛刺','蒋兴英','31059',0,NULL,0),(235,3,'打毛刺','向清平','31060',0,NULL,0),(236,3,'浇注工','陈国富','31061',0,NULL,0),(237,3,'烘砂','靖宽友','31062',0,NULL,0),(238,3,'打毛刺、脱砂','张光茂','31063',0,NULL,0),(239,3,'打毛刺','范长君','31064',0,NULL,0),(240,3,'打毛刺','付俊涛','31065',0,NULL,0),(241,3,'打毛刺','罗怀杰','31066',0,NULL,0),(242,3,'砂芯工','罗钧元','31067',0,NULL,0),(243,3,'打毛刺','李  泽','31068',0,NULL,0),(244,3,'打毛刺','廖永峰','31069',0,NULL,0),(245,3,'锯工','梁永贵','31070',0,NULL,0),(246,3,'试压工','陶碧波','31071',0,NULL,0),(247,3,'锯工、铣工','罗昌海','31072',0,NULL,0),(248,3,'脱砂工','曾德全','31073',0,NULL,0),(249,3,'锯工','王光茂','31074',0,NULL,0),(250,3,'包装、打毛刺','杨  安','31075',0,NULL,0),(251,3,'铣工','彭建华','31076',0,NULL,0),(252,3,'铣工','张枝九','31077',0,NULL,0),(253,3,'试压、钻工','邹文超','31078',0,NULL,0),(254,3,'铣工','付开时','31079',0,NULL,0),(255,3,'钻工','陈华林','31080',0,NULL,0),(256,3,'钻工','向永龙','31081',0,NULL,0),(257,3,'铣工','罗  伟','31082',0,NULL,0),(258,3,'组长','李世海','32083',0,NULL,0),(259,3,'装配','熊西菊','32084',0,NULL,0),(260,3,'装配工','喻德会','32085',0,NULL,0),(261,3,'包装','黄  俊','32086',0,NULL,0),(262,3,'检验、包装','叶柏荣','32087',0,NULL,0),(263,3,'钻工','廖云英','32088',0,NULL,0),(264,3,'全检','刘开淑','32089',0,NULL,0),(265,3,'装配','马丽霞','32090',0,NULL,0),(266,3,'全检','李治伟','32091',0,NULL,0),(267,3,'试压工','汪兆东','32092',0,NULL,0),(268,3,'试压工','张跃鹏','32093',0,NULL,0),(269,3,'铣工','秦云光','32094',0,NULL,0),(270,3,'包装、打毛刺','杨  敏','32095',0,NULL,0),(271,3,'清冼、打毛刺','李  洁','32096',0,NULL,0),(272,3,'清冼、打毛刺','赵永娥','32097',0,NULL,0),(273,3,'打毛刺、试压工','杨小芳','32098',0,NULL,0),(274,3,'钻工','郑晓刚','32099',0,NULL,0),(275,3,'装配','甘武容','32100',0,NULL,0),(276,3,'全检','佘忠琼','32101',0,NULL,0),(277,3,'修补','杨秀林','32102',0,NULL,0),(278,3,'铣工、锯工','付开录','32103',0,NULL,0),(279,3,'打毛刺、试压工','邹小忠','32104',0,NULL,0),(280,3,'打毛刺、清洗','唐文秀','32105',0,NULL,0),(281,3,'修补','王术华','32106',0,NULL,0),(282,3,'打毛刺','廖  燕','32107',0,NULL,0),(283,3,'试压、打毛刺','高安利','32108',0,NULL,0),(284,3,'打毛刺、清冼','杜志兰','32109',0,NULL,0),(285,3,'装配','李志芬','32110',0,NULL,0),(286,3,'全检','郭宗素','32111',0,NULL,0),(287,3,'试压','黄登义','32112',0,NULL,0),(288,3,'全检','黄跃林','32113',0,NULL,0),(289,3,'全检','汪纯霞','32114',0,NULL,0),(290,3,'装配','蒋星淑','32115',0,NULL,0),(291,3,'全检','张希英','32116',0,NULL,0),(292,3,'钻工','赵德猛','32117',0,NULL,0),(293,3,'钻工','唐小华','32118',0,NULL,0),(294,3,'钻工','陶永俊','32119',0,NULL,0),(295,3,'组长','秦明彬','32120',0,NULL,0),(296,3,'加工中心','刘  宾','32121',0,NULL,0),(297,3,'加工中心','殷大军','32122',0,NULL,0),(298,3,'加工中心','周福荣','32123',0,NULL,0),(299,3,'加工中心','段小伟','32124',0,NULL,0),(300,3,'加工中心','王  超','32125',0,NULL,0),(301,3,'加工中心','陈秋林','32126',0,NULL,0),(302,3,'加工中心','龚  礼','32127',0,NULL,0),(303,3,'加工中心','蒋  勇','32128',0,NULL,0),(304,3,'加工中心','焦宏亮','32129',0,NULL,0),(305,3,'加工中心','王洪新','32130',0,NULL,0),(306,3,'加工中心','张海波','32131',0,NULL,0),(307,3,'组长','王信松','32132',0,NULL,0),(308,3,'加工中心','凡时忠','32133',0,NULL,0),(309,3,'加工中心','喻文界','32134',0,NULL,0),(310,3,'加工中心','杨小东','32135',0,NULL,0),(311,3,'加工中心','黄安洪','32136',0,NULL,0),(312,3,'加工中心','祝  斌','32137',0,NULL,0),(313,3,'加工中心','邓  强','32138',0,NULL,0),(314,3,'加工中心','王  勇','32139',0,NULL,0),(315,3,'加工中心','廖  磊','32140',0,NULL,0),(316,3,'加工中心','王  伟','32141',0,NULL,0),(317,3,'组长','康  莲','32142',0,NULL,0),(318,3,'加工中心','陈  桃','32143',0,NULL,0),(319,3,'加工中心','余本伟','32144',0,NULL,0),(320,3,'加工中心','王小旭','32145',0,NULL,0),(321,3,'加工中心','喻永立','32146',0,NULL,0),(322,3,'加工中心','刘  俊','32147',0,NULL,0),(323,3,'加工中心','唐大中','32148',0,NULL,0),(324,3,'加工中心','何  江','32149',0,NULL,0),(325,3,'加工中心','刘  锋','32150',0,NULL,0),(326,3,'加工中心','刘  江','32151',0,NULL,0),(327,3,'加工中心','张  林','32152',0,NULL,0),(328,3,'加工中心','倪克明','32153',0,NULL,0),(329,3,'组长','潘玉兵','33154',0,NULL,0),(330,3,'数控车工','皮天成','33155',0,NULL,0),(331,3,'数控车工','邹开华','33156',0,NULL,0),(332,3,'数控车工','汪世林','33157',0,NULL,0),(333,3,'钻工','裴小平','33158',0,NULL,0),(334,3,'全检','何  怡','33159',0,NULL,0),(335,3,'装配工','黄  萍','33160',0,NULL,0),(336,3,'试压工','贺东波','33161',0,NULL,0),(337,3,'打毛刺、清冼工','王淑芳','33162',0,NULL,0),(338,3,'钻工','李远建','33163',0,NULL,0),(339,3,'装配工','熊西秀','33164',0,NULL,0),(340,3,'装配','李月馨','33165',0,NULL,0),(341,3,'全检','游洪群','33166',0,NULL,0),(342,3,'性能试验','曾令容','33167',0,NULL,0),(343,3,'装配','张建琴','33168',0,NULL,0),(344,3,'性能试验','徐  峰','33169',0,NULL,0),(345,3,'全检','张祥容','33170',0,NULL,0),(346,3,'性能试验','田维利','33171',0,NULL,0),(347,3,'车工','李文海','33172',0,NULL,0),(348,3,'装配','彭春燕','33173',0,NULL,0),(349,3,'装配','刘雪莲','33174',0,NULL,0),(350,3,'数控车工','任焱杰','33175',0,NULL,0),(351,3,'全检','杨春花','33176',0,NULL,0),(352,3,'全检','刘利华','33177',0,NULL,0),(353,3,'装配','李  波','33178',0,NULL,0),(354,3,'试压工','石思兴','33179',0,NULL,0),(355,3,'装配','尹冬英','33180',0,NULL,0),(356,3,'装配','王桂梅','33181',0,NULL,0),(357,3,'浇注工','付开兴','33182',0,NULL,0),(358,3,'全检','涂植平','33183',0,NULL,0),(359,3,'钻工','车国勤','33184',0,NULL,0),(360,3,'性能试验','郭明英','33185',0,NULL,0),(361,3,'钻工','黄  成','33186',0,NULL,0),(362,3,'钻工','陈道君','33187',0,NULL,0),(363,3,'数控车工','郭小彬','33188',0,NULL,0),(364,3,'磨工','刘成洋','33189',0,NULL,0),(365,3,'清洁工','杨清伦','33190',0,NULL,0),(366,3,'打毛刺','吴玉红','33191',0,NULL,0),(367,3,'钻工','谢   鹏','33192',0,NULL,0),(368,3,'清洗工','游古均','33193',0,NULL,0),(369,3,'装配','肖  娅','33194',0,NULL,0),(370,3,'装配','高居琴','33195',0,NULL,0),(371,3,'钻工','魏  东','33196',0,NULL,0),(372,3,'数控车工','肖俊华','33197',0,NULL,0),(373,3,'钻工','文家平','33198',0,NULL,0),(374,3,'打毛刺、清冼工','徐文祥','33199',0,NULL,0),(375,3,'铣工','苏   健','33200',0,NULL,0),(376,3,'铣工','陈  林','33201',0,NULL,0),(377,3,'清洗工','李春英','33202',0,NULL,0),(378,3,'清冼、打毛刺','骆长英','33203',0,NULL,0),(379,3,'清冼、打毛刺','程太文','33204',0,NULL,0),(380,3,'组长','蒋渝龙','34205',0,NULL,0),(381,3,'组长','陈  刚','34206',0,NULL,0),(382,3,'组长','刘大林','34207',0,NULL,0),(383,3,'组长','廖  林','34208',0,NULL,0),(384,3,'磨工','刘财金','34209',0,NULL,0),(385,3,'磨工','杨青书','34210',0,NULL,0),(386,3,'磨工','秦明淑','34211',0,NULL,0),(387,3,'磨工','程学梅','34212',0,NULL,0),(388,3,'磨工','何克林','34213',0,NULL,0),(389,3,'磨工','何  林','34214',0,NULL,0),(390,3,'去毛刺','王小琴','34215',0,NULL,0),(391,3,'磨工','康恭霞','34216',0,NULL,0),(392,3,'磨工','谭春梅','34217',0,NULL,0),(393,3,'磨工','夏茂兰','34218',0,NULL,0),(394,3,'磨工','赵久芬','34219',0,NULL,0),(395,3,'磨工','王正其','34220',0,NULL,0),(396,3,'磨工','韩小会','34221',0,NULL,0),(397,3,'磨工','何建英','34222',0,NULL,0),(398,3,'磨工','李小红','34223',0,NULL,0),(399,3,'磨工','喻建福','34224',0,NULL,0),(400,3,'磨工','何  胜','34225',0,NULL,0),(401,3,'磨工','罗冰华','34226',0,NULL,0),(402,3,'磨工','吴玉平','34227',0,NULL,0),(403,3,'全检','何学会','34228',0,NULL,0),(404,3,'全检','刘龙英','34229',0,NULL,0),(405,3,'磨工','秦春梅','34230',0,NULL,0),(406,3,'装配','张小梅','34231',0,NULL,0),(407,3,'磨工','赵玉香','34232',0,NULL,0),(408,3,'清洗','王元方','34233',0,NULL,0),(409,3,'磨工','李阳春','34234',0,NULL,0),(410,3,'磨工','郑国文','34235',0,NULL,0),(411,3,'铣工','鲁　伟','34236',0,NULL,0),(412,3,'车工','陈道琼','34237',0,NULL,0),(413,4,'部长','吕运君','40001',0,NULL,0),(414,4,'模具库管员','肖  燕','40002',0,NULL,0),(415,4,'模具员','游贵志','40003',0,NULL,0),(416,4,'综合管理员','罗  兰','40004',0,NULL,0),(417,4,'技术员','罗  源','40005',0,NULL,0),(418,4,'技术员','党  峰','40006',0,NULL,0),(419,4,'线长','何 东','41006',0,NULL,0),(420,4,'压制班长','姜光强','41007',0,NULL,0),(421,4,'压制调整工','苟 昱','41008',0,NULL,0),(422,4,'压制调整工','邹家洪','41009',0,NULL,0),(423,4,'压制学徒','叶将红','41010',0,NULL,0),(424,4,'压制学徒','陈世春','41011',0,NULL,0),(425,4,'压制学徒','汤  平','41012',0,NULL,0),(426,4,'压制班长','王　星','41013',0,NULL,0),(427,4,'压制调整工','邓长林','41014',0,NULL,0),(428,4,'压制调整工','杨 航','41015',0,NULL,0),(429,4,'压制学徒','许家平','41016',0,NULL,0),(430,4,'压制学徒','唐世友','41017',0,NULL,0),(431,4,'压制学徒','周晓东','41018',0,NULL,0),(432,4,'辅助工','邹祖丽','41019',0,NULL,0),(433,4,'压制班长','龙永房','41020',0,NULL,0),(434,4,'压制调整工','李世荣','41021',0,NULL,0),(435,4,'压制调整工','沈庭明','41022',0,NULL,0),(436,4,'压制调整工','申　利','41023',0,NULL,0),(437,4,'压制学徒','蒋朝喜','41024',0,NULL,0),(438,4,'压制学徒','秦沛','41025',0,NULL,0),(439,4,'混料','黄仕侯','41026',0,NULL,0),(440,4,'线长','宋　均','42027',0,NULL,0),(441,4,'班组长','鲁国兵','42028',0,NULL,0),(442,4,'整形','田运佳','42029',0,NULL,0),(443,4,'整形','李玉伟','42030',0,NULL,0),(444,4,'数控车床','熊维严','42031',0,NULL,0),(445,4,'数控车床','安代梅','42032',0,NULL,0),(446,4,'数控车床','丁  勇','42033',0,NULL,0),(447,4,'数控车床','安代群','42034',0,NULL,0),(448,4,'数控车床','唐文辉','42035',0,NULL,0),(449,4,'数控车床','谷  雨','42036',0,NULL,0),(450,4,'数控车床','邱健渔','42037',0,NULL,0),(451,4,'数控车床','李玲法','42038',0,NULL,0),(452,4,'数控车床','李玉兰','42039',0,NULL,0),(453,4,'数控车床','苏建全','42040',0,NULL,0),(454,4,'数控车床','赵小敏','42041',0,NULL,0),(455,4,'数控车床','谷  伟','42042',0,NULL,0),(456,4,'磨工','丁华琴','42043',0,NULL,0),(457,4,'磨工','罗重桃','42044',0,NULL,0),(458,4,'辅助工','罗华均','42045',0,NULL,0),(459,4,'辅助工','王  琴','42046',0,NULL,0),(460,4,'清洗包装','李清容','42047',0,NULL,0),(461,4,'清洗包装','黄昌敏','42048',0,NULL,0),(462,4,'部长助理兼线长','王  彪','43049',0,NULL,0),(463,4,'班长','赖真明','43050',0,NULL,0),(464,4,'整形','何顺权','43051',0,NULL,0),(465,4,'整形','秦天生','43052',0,NULL,0),(466,4,'数控车床','刘贵斌','43053',0,NULL,0),(467,4,'数控车床','贺光美','43054',0,NULL,0),(468,4,'加工中心','秦爽','43055',0,NULL,0),(469,4,'钻工','何丽均','43056',0,NULL,0),(470,4,'钻工','李兴琼','43057',0,NULL,0),(471,4,'钻工','王桂英','43058',0,NULL,0),(472,4,'磨工','赖真福','43059',0,NULL,0),(473,4,'磨工','姚春梅','43060',0,NULL,0),(474,4,'磨工','胡 钉','43061',0,NULL,0),(475,4,'磨工','罗昭德','43062',0,NULL,0),(476,4,'磨工','薛勇','43063',0,NULL,0),(477,4,'磨工','田时敏','43064',0,NULL,0),(478,4,'辅助工','陈　艳','43065',0,NULL,0),(479,4,'辅助工','胡大香','43066',0,NULL,0),(480,4,'辅助工','马晓琼','43067',0,NULL,0),(481,4,'搬运工','戴仲明','43068',0,NULL,0),(482,4,'包装班长','刘中芳','43069',0,NULL,0),(483,4,'清洗包装','郝真刚','43070',0,NULL,0),(484,4,'线长','杨　帅','44071',0,NULL,0),(485,4,'副线长','张希君','44072',0,NULL,0),(486,4,'蒸汽处理','孙林强','44073',0,NULL,0),(487,4,'整形','尹登素','44074',0,NULL,0),(488,4,'整形','唐  立','44075',0,NULL,0),(489,4,'加工中心','彭启兵','44076',0,NULL,0),(490,4,'数控车床','李  伟','44077',0,NULL,0),(491,4,'数控车床','杨元亮','44078',0,NULL,0),(492,4,'加工中心','邓庆碧','44079',0,NULL,0),(493,4,'钻工','方知渝','44080',0,NULL,0),(494,4,'钻工','肖联新','44081',0,NULL,0),(495,4,'钻工','王万会','44082',0,NULL,0),(496,4,'钻工','严学惠','44083',0,NULL,0),(497,4,'钻工','唐化菊','44084',0,NULL,0),(498,4,'钻工','张黎','44085',0,NULL,0),(499,4,'钻工','杨利彬','44086',0,NULL,0),(500,4,'磨工','吴明方','44087',0,NULL,0),(501,4,'磨工','龙天寿','44088',0,NULL,0),(502,4,'磨工','梁明超','44089',0,NULL,0),(503,4,'磨工','姜柏宇','44090',0,NULL,0),(504,4,'光饰','张禄中','44091',0,NULL,0),(505,4,'辅助工','曾术彬','44092',0,NULL,0),(506,4,'辅助工','徐兴聪','44093',0,NULL,0),(507,4,'辅助工','吴凤琼','44094',0,NULL,0),(508,4,'辅助工','罗华菊','44095',0,NULL,0),(509,4,'辅助工','何学容','44096',0,NULL,0),(510,4,'辅助工','王巧','44097',0,NULL,0),(511,4,'辅助工','田时秀','44098',0,NULL,0),(512,4,'清洗包装','李世秀','44099',0,NULL,0),(513,4,'清洗包装','刘淑容','44100',0,NULL,0),(514,4,'清洗包装','罗昭国','44101',0,NULL,0),(515,5,'部长','廖兵勇','50001',0,NULL,0),(516,5,'技术主管','李  洪','50002',0,NULL,0),(517,5,'综合管理员','魏  琴','50003',0,NULL,0),(518,5,'设备员','杨  阳','50004',0,NULL,0),(519,5,'线长',' 曹新明','51005',0,NULL,0),(520,5,'副线长','蒲东','51006',0,NULL,0),(521,5,'压制班长','黄  伦','51007',0,NULL,0),(522,5,'混料','黄刚','51008',0,NULL,0),(523,5,'压制','陈智慧','51009',0,NULL,0),(524,5,'压制','吴春梅','51010',0,NULL,0),(525,5,'压制','唐令辉','51011',0,NULL,0),(526,5,'压制','唐令玉','51012',0,NULL,0),(527,5,'压制','张祖江','51013',0,NULL,0),(528,5,'压制','袁仕华','51014',0,NULL,0),(529,5,'压制','黄华君','51015',0,NULL,0),(530,5,'车工','曾令辉','51016',0,NULL,0),(531,5,'车工','张元珍','51017',0,NULL,0),(532,5,'副班长','吴万玖','51018',0,NULL,0),(533,5,'车工','廖显书','51019',0,NULL,0),(534,5,'车工','张学正','51020',0,NULL,0),(535,5,'车工','叶嗣强','51021',0,NULL,0),(536,5,'车工','张朝祥','51022',0,NULL,0),(537,5,'车工','陈兆元','51023',0,NULL,0),(538,5,'车工','周  伟','51024',0,NULL,0),(539,5,'车工','曹祥文','51025',0,NULL,0),(540,5,'车工','程明军','51026',0,NULL,0),(541,5,'班长','何  端','51027',0,NULL,0),(542,5,'车工','梁明香','51028',0,NULL,0),(543,5,'车工','汪  建','51029',0,NULL,0),(544,5,'车工','林长江','51030',0,NULL,0),(545,5,'副班长','罗  宇','51031',0,NULL,0),(546,5,'车工','唐华杰','51032',0,NULL,0),(547,5,'车工','阳作冯','51033',0,NULL,0),(548,5,'磨工','夏道远','51034',0,NULL,0),(549,5,'磨床班长','肖士荣','51035',0,NULL,0),(550,5,'磨工','石真蒙','51036',0,NULL,0),(551,5,'磨工','张国斌','51037',0,NULL,0),(552,5,'磨工','李景勇','51038',0,NULL,0),(553,5,'磨工','何成碧','51039',0,NULL,0),(554,5,'磨工','王茂','51040',0,NULL,0),(555,5,'磨工','刘有良','51041',0,NULL,0),(556,5,'成检','颜昌秀','51042',0,NULL,0),(557,5,'成检','叶兴琴','51043',0,NULL,0),(558,5,'成检','刘宗芬','51044',0,NULL,0),(559,5,'成检','王春丽','51045',0,NULL,0),(560,5,'成检','徐小利','51046',0,NULL,0),(561,5,'煮油','廖安建','51047',0,NULL,0),(562,5,'清洗包装班长','熊  刚','51048',0,NULL,0),(563,5,'清洗包装','董友良','51049',0,NULL,0),(564,5,'清洗包装','刘国兰','51050',0,NULL,0),(565,5,'清洗包装','谢  蓉','51051',0,NULL,0),(566,5,'清洗包装','钱秀英','51052',0,NULL,0),(567,5,'线长','张元强','52053',0,NULL,0),(568,5,'压制班长','秦树中','52054',0,NULL,0),(569,5,'压制','蒲  建','52055',0,NULL,0),(570,5,'压制','颜学朋','52056',0,NULL,0),(571,5,'压制','王建平','52057',0,NULL,0),(572,5,'压制','许贵伟','52058',0,NULL,0),(573,5,'压制','李永琼','52059',0,NULL,0),(574,5,'压制','覃昌飞','52060',0,NULL,0),(575,5,'压制','罗祥云','52061',0,NULL,0),(576,5,'压制','杨  伟','52062',0,NULL,0),(577,5,'光饰','龙天斌','52063',0,NULL,0),(578,5,'煮油工','陈先礼','52064',0,NULL,0),(579,5,'磨床班长','杨道方','52065',0,NULL,0),(580,5,'磨工','郎明山','52066',0,NULL,0),(581,5,'磨工','李晓维','52067',0,NULL,0),(582,5,'磨工','周  玉','52068',0,NULL,0),(583,5,'磨工','邓生芳','52069',0,NULL,0),(584,5,'副班长','邓生义','52070',0,NULL,0),(585,5,'车床班长','张元果','52071',0,NULL,0),(586,5,'车工','胡爱国','52072',0,NULL,0),(587,5,'车工','周裕润','52073',0,NULL,0),(588,5,'车工','刘宗华','52074',0,NULL,0),(589,5,'车工','董  静','52075',0,NULL,0),(590,5,'车工','陶发琼','52076',0,NULL,0),(591,5,'车工','周延太','52077',0,NULL,0),(592,5,'成检','曾清秀','52078',0,NULL,0),(593,5,'成检','李琼','52079',0,NULL,0),(594,5,'成检','张淑芳','52080',0,NULL,0),(595,5,'成检','蔡晓冬','52081',0,NULL,0),(596,5,'成检','杨小芳','52082',0,NULL,0),(597,5,'成检','朱  洁','52083',0,NULL,0),(598,5,'清洗包装','陈大忠','52084',0,NULL,0),(599,5,'清洗包装','罗长明','52085',0,NULL,0),(600,5,'清洗包装','黄陶基','52086',0,NULL,0),(601,5,'清洗包装','夏生福','52087',0,NULL,0),(602,6,'部长','张元平','60001',0,NULL,0),(603,6,'副部长','邹长福','60002',0,NULL,0),(604,6,'综合管理员','陈  莲','60003',0,NULL,0),(605,6,'现场管理员','廖  超','60004',0,NULL,0),(606,6,'行车工','张华秀','60005',0,NULL,0),(607,6,'行车工','蒋芙蓉','60006',0,NULL,0),(608,6,'模具管理','卢  海','60007',0,NULL,0),(609,6,'模具管理','施江涛','60008',0,NULL,0),(610,6,'清洁工','庄照平','60009',0,NULL,0),(611,6,'混料工','张正明','60010',0,NULL,0),(612,6,'混料工','张元其','60011',0,NULL,0),(613,6,'混料工','田维花','60012',0,NULL,0),(614,6,'线长','马浚翔','61013',0,NULL,0),(615,6,'压制','申建峰','61014',0,NULL,0),(616,6,'压制','张辉颂','61015',0,NULL,0),(617,6,'压制','赵世伟','61016',0,NULL,0),(618,6,'压制打毛刺','张小娟','61017',0,NULL,0),(619,6,'压制打毛刺','龙冬梅','61018',0,NULL,0),(620,6,'整形','李德明','61019',0,NULL,0),(621,6,'整形','靖开祥','61020',0,NULL,0),(622,6,'整形','梁垂中','61021',0,NULL,0),(623,6,'组长','许茂','61022',0,NULL,0),(624,6,'刷毛刺','张元宽','61023',0,NULL,0),(625,6,'刷毛刺','陈友良','61024',0,NULL,0),(626,6,'立磨','蒋厚余','61025',0,NULL,0),(627,6,'立磨','李美','61026',0,NULL,0),(628,6,'成检','魏才蓉','61027',0,NULL,0),(629,6,'成检','周永智','61028',0,NULL,0),(630,6,'成检','陈洪','61029',0,NULL,0),(631,6,'成检','舒登淑','61030',0,NULL,0),(632,6,'成检GP12','朱晶晶','61031',0,NULL,0),(633,6,'成检GP12','韩巧妮','61032',0,NULL,0),(634,6,'清洗包装','唐正丽','61033',0,NULL,0),(635,6,'清洗包装','颜昌兰','61034',0,NULL,0),(636,6,'清洗包装','王明奎','61035',0,NULL,0),(637,6,'线长','杨斌','62036',0,NULL,0),(638,6,'压制','滕采波','62037',0,NULL,0),(639,6,'压制','陈林','62038',0,NULL,0),(640,6,'压制','李珂','62039',0,NULL,0),(641,6,'压制','张元坤','62040',0,NULL,0),(642,6,'车工','陈波','62041',0,NULL,0),(643,6,'车工','蒋厚富','62042',0,NULL,0),(644,6,'车工','曾现仁','62043',0,NULL,0),(645,6,'车工','李治强','62044',0,NULL,0),(646,6,'班组长','石建明','62045',0,NULL,0),(647,6,'整形','王万义','62046',0,NULL,0),(648,6,'钻工','冉广现','62047',0,NULL,0),(649,6,'钻工','万阳明','62048',0,NULL,0),(650,6,'砂毛刺','程伟强','62049',0,NULL,0),(651,6,'钻工','邓晓波','62050',0,NULL,0),(652,6,'整形','代顺伟','62051',0,NULL,0),(653,6,'钻工','龙烈春','62052',0,NULL,0),(654,6,'砂毛刺','张克勇','62053',0,NULL,0),(655,6,'整形','唐  贤','62054',0,NULL,0),(656,6,'成检','王万超','62055',0,NULL,0),(657,6,'成检','唐金华','62056',0,NULL,0),(658,6,'成检','谢芳','62057',0,NULL,0),(659,6,'清洗包装','吴长英','62058',0,NULL,0),(660,6,'清洗包装','张 兰','62059',0,NULL,0),(661,6,'清洗包装','蒋开红','62060',0,NULL,0),(662,6,'车工','王友幸','62061',0,NULL,0),(663,6,'车工','李美四','62062',0,NULL,0),(664,6,'线长','焦宣才','63063',0,NULL,0),(665,6,'压制','张百川','63064',0,NULL,0),(666,6,'压制','李  鹏','63065',0,NULL,0),(667,6,'压制','付吉军','63066',0,NULL,0),(668,6,'压制','李永丹','63067',0,NULL,0),(669,6,'压制','伍海全','63068',0,NULL,0),(670,6,'压制','敖于力','63069',0,NULL,0),(671,6,'压制','罗新瑞','63070',0,NULL,0),(672,6,'压制','姚小彬','63071',0,NULL,0),(673,6,'整形','王中田','63072',0,NULL,0),(674,6,'整形','蒲  敏','63073',0,NULL,0),(675,6,'整形','梁龙建','63074',0,NULL,0),(676,6,'车工','刘顺全','63075',0,NULL,0),(677,6,'车工','李治凡','63076',0,NULL,0),(678,6,'车工','赵朝玉','63077',0,NULL,0),(679,6,'车工','杨帮荐','63078',0,NULL,0),(680,6,'车工','张开华','63079',0,NULL,0),(681,6,'车工','李小琴','63080',0,NULL,0),(682,6,'车工','张文波','63081',0,NULL,0),(683,6,'班组长','陈万明 ','63082',0,NULL,0),(684,6,'成检','刘丽','63083',0,NULL,0),(685,6,'成检','张问秀','63084',0,NULL,0),(686,6,'成检','谢燕辉','63085',0,NULL,0),(687,6,'磨工','姚永平','63086',0,NULL,0),(688,6,'钻工','顾家玉','63087',0,NULL,0),(689,6,'蒸汽处理','袁天会','63088',0,NULL,0),(690,6,'打毛刺','周蓉美','63089',0,NULL,0),(691,6,'刷毛刺','杨绍林','63090',0,NULL,0),(692,6,'刷毛刺','王礼录','63091',0,NULL,0),(693,6,'班组长','袁学','63092',0,NULL,0),(694,6,'清洗包装','梁国华','63093',0,NULL,0),(695,6,'清洗包装','李万军','63094',0,NULL,0),(696,6,'清洗包装','王光荣','63095',0,NULL,0),(697,6,'清洗包装','曾谊','63096',0,NULL,0),(698,6,'清洗包装','郑彬','63097',0,NULL,0),(699,6,'车工','王海波','63098',0,NULL,0),(700,6,'压制','熊小强','63099',0,NULL,0),(701,6,'车工','王维','63100',0,NULL,0),(702,6,'车工','杨小华','63101',0,NULL,0),(703,6,'车工','封亨权','63102',0,NULL,0),(704,6,'车工','封亨国','63103',0,NULL,0),(705,6,'车工','左海燕','63104',0,NULL,0),(706,6,'车工','赵芝敏','63105',0,NULL,0),(707,6,'整形工','王廷荣','63106',0,NULL,0),(708,6,'车工','余菊','63107',0,NULL,0),(709,6,'车工','胡世维','63108',0,NULL,0),(710,6,'车工','雷武爽','63109',0,NULL,0),(711,6,'蒸汽处理','彭昌万','63110',0,NULL,0),(712,6,'成检','向中明','63111',0,NULL,0),(713,6,'成检','罗玉芳','63112',0,NULL,0),(714,6,'成检','赵小敏','63113',0,NULL,0),(715,6,'线长','安新奎','64114',0,NULL,0),(716,6,'压制','赖永胜','64115',0,NULL,0),(717,6,'压制','李  健','64116',0,NULL,0),(718,6,'压制','戴家荣','64117',0,NULL,0),(719,6,'车工','周世容','64118',0,NULL,0),(720,6,'车工','余  伦','64119',0,NULL,0),(721,6,'班组长','罗有军','64120',0,NULL,0),(722,6,'整形','李学勇','64121',0,NULL,0),(723,6,'刷毛刺','令狐世群','64122',0,NULL,0),(724,6,'刷毛刺','李晓虹','64123',0,NULL,0),(725,6,'成检','舒盛玲','64124',0,NULL,0),(726,6,'成检','何花容','64125',0,NULL,0),(727,6,'压制打毛刺','陈登琴','64126',0,NULL,0),(728,6,'整形','刘永寿','64127',0,NULL,0),(729,6,'车工','刘  强','64128',0,NULL,0),(730,6,'压制打毛刺','李梅芳','64129',0,NULL,0),(731,6,'车工','黎  川','64130',0,NULL,0),(732,6,'车工','欧  勇','64131',0,NULL,0),(733,6,'车工','付昌勇','64132',0,NULL,0),(734,6,'压制工','邓  冬','64133',0,NULL,0),(735,6,'车工','何  政','64134',0,NULL,0),(736,6,'车工','马  豪','64135',0,NULL,0),(737,6,'车工','张孝顺','64136',0,NULL,0),(738,6,'车工','米  川','64137',0,NULL,0),(739,6,'压制工','赵小强','64138',0,NULL,0),(740,6,'车工','黄  毅','64139',0,NULL,0),(741,6,'车工','李  俊','64140',0,NULL,0),(742,6,'杂工','王兴利','64141',0,NULL,0),(743,6,'压制工','赵洪杰','64142',0,NULL,0),(744,6,'车工','朱龙飞','64143',0,NULL,0),(745,6,'车工','严  勋','64144',0,NULL,0);
/*!40000 ALTER TABLE `staff` ENABLE KEYS */;
UNLOCK TABLES;

--
-- Table structure for table `staffkind`
--

DROP TABLE IF EXISTS `staffkind`;
/*!40101 SET @saved_cs_client     = @@character_set_client */;
/*!40101 SET character_set_client = utf8 */;
CREATE TABLE `staffkind` (
  `Id` int(11) NOT NULL AUTO_INCREMENT,
  `kindDesc` varchar(20) DEFAULT NULL,
  `isDelete` int(11) DEFAULT NULL,
  `deleteTime` date DEFAULT NULL,
  PRIMARY KEY (`Id`)
) ENGINE=InnoDB AUTO_INCREMENT=125 DEFAULT CHARSET=utf8;
/*!40101 SET character_set_client = @saved_cs_client */;

--
-- Dumping data for table `staffkind`
--

LOCK TABLES `staffkind` WRITE;
/*!40000 ALTER TABLE `staffkind` DISABLE KEYS */;
INSERT INTO `staffkind` VALUES (1,'',0,NULL),(2,'设备员',0,NULL),(3,'焊工',0,NULL),(4,'压制打毛刺',0,NULL),(5,'倒角机',0,NULL),(6,'倒角',0,NULL),(7,'清冼、打毛刺',0,NULL),(8,'班长',0,NULL),(9,'煮油工',0,NULL),(10,'检验',0,NULL),(11,'光饰',0,NULL),(12,'磨工',0,NULL),(13,'装配工',0,NULL),(14,'行车工',0,NULL),(15,'煮油',0,NULL),(16,'车工、装配',0,NULL),(17,'混料工',0,NULL),(18,'成检GP12',0,NULL),(19,'副部长',0,NULL),(20,'磨工、钻床',0,NULL),(21,'砂芯工',0,NULL),(22,'蒸汽处理',0,NULL),(23,'钻床、磨床',0,NULL),(24,'清洗工',0,NULL),(25,'烧结班长',0,NULL),(26,'锯工、铣工',0,NULL),(27,'全检、包装',0,NULL),(28,'全检',0,NULL),(29,'包装、打毛刺',0,NULL),(30,'检验、包装',0,NULL),(31,'压制（班长）',0,NULL),(32,'数控车工',0,NULL),(33,'压制',0,NULL),(34,'清洗包装',0,NULL),(35,'车床班长',0,NULL),(36,'工人',0,NULL),(37,'压铸工',0,NULL),(38,'刷毛刺',0,NULL),(39,'挤齿',0,NULL),(40,'混料',0,NULL),(41,'加工中心调整',0,NULL),(42,'技术员',0,NULL),(43,'压制工',0,NULL),(44,'试压、钻工',0,NULL),(45,'铸造调整',0,NULL),(46,'立磨',0,NULL),(47,'铣工、锯工',0,NULL),(48,'成检',0,NULL),(49,'线长',0,NULL),(50,'综合管理员',0,NULL),(51,'挤齿、车工',0,NULL),(52,'车工、挤齿',0,NULL),(53,'杂工',0,NULL),(54,'钻工',0,NULL),(55,'部长助理兼线长',0,NULL),(56,'装配',0,NULL),(57,'清洗包装班长',0,NULL),(58,'打毛刺、清冼',0,NULL),(59,'性能试验',0,NULL),(60,'整形',0,NULL),(61,'压制调整师',0,NULL),(62,'砂毛刺',0,NULL),(63,'模具管理员',0,NULL),(64,'包装',0,NULL),(65,'倒角机、剃齿机',0,NULL),(66,'混料/班长',0,NULL),(67,'修补',0,NULL),(68,'数控车床',0,NULL),(69,'部长助理',0,NULL),(70,'锯工',0,NULL),(71,'设备员、调整工',0,NULL),(72,'烘砂',0,NULL),(73,'打毛刺、脱砂',0,NULL),(74,'浇注工',0,NULL),(75,'加工中心',0,NULL),(76,'压制调整工',0,NULL),(77,'烧结工',0,NULL),(78,'剃齿机、滚齿',0,NULL),(79,'压制学徒',0,NULL),(80,'整形工',0,NULL),(81,'打毛刺',0,NULL),(82,'脱砂工',0,NULL),(83,'班组长',0,NULL),(84,'副线长',0,NULL),(85,'打毛刺、清冼工',0,NULL),(86,'驾驶员',0,NULL),(87,'刀具库管员',0,NULL),(88,'模具库管员',0,NULL),(89,'磨工、倒角',0,NULL),(90,'钻床',0,NULL),(91,'压淬',0,NULL),(92,'铣工',0,NULL),(93,'包装班长',0,NULL),(94,'搬运工',0,NULL),(95,'模具员',0,NULL),(96,'拉床',0,NULL),(97,'压制/辅工',0,NULL),(98,'压制班长',0,NULL),(99,'主管技术员',0,NULL),(100,'铣床、钻床',0,NULL),(101,'铣床、钻床、磨床',0,NULL),(102,'清洁工',0,NULL),(103,'辅助工',0,NULL),(104,'钳工',0,NULL),(105,'清洗',0,NULL),(106,'现场管理员',0,NULL),(107,'副班长',0,NULL),(108,'锯工、打毛刺',0,NULL),(109,'组长',0,NULL),(110,'试压工',0,NULL),(111,'磨床班长',0,NULL),(112,'压铸工、铣床',0,NULL),(113,'质量管理员',0,NULL),(114,'试压、打毛刺',0,NULL),(115,'模具管理',0,NULL),(116,'打毛刺、试压工',0,NULL),(117,'试压',0,NULL),(118,'专检',0,NULL),(119,'车工',0,NULL),(120,'打毛刺、清洗',0,NULL),(121,'去毛刺',0,NULL),(122,'技术主管',0,NULL),(123,'部长',0,NULL),(124,'熔炼工',0,NULL);
/*!40000 ALTER TABLE `staffkind` ENABLE KEYS */;
UNLOCK TABLES;

--
-- Table structure for table `user`
--

DROP TABLE IF EXISTS `user`;
/*!40101 SET @saved_cs_client     = @@character_set_client */;
/*!40101 SET character_set_client = utf8 */;
CREATE TABLE `user` (
  `Id` int(11) NOT NULL AUTO_INCREMENT,
  `username` varchar(20) DEFAULT NULL,
  `password` varchar(20) DEFAULT NULL,
  `level` int(11) DEFAULT NULL,
  `isDelete` int(11) DEFAULT '0',
  `deleteTime` date DEFAULT NULL,
  PRIMARY KEY (`Id`)
) ENGINE=InnoDB AUTO_INCREMENT=3 DEFAULT CHARSET=utf8;
/*!40101 SET character_set_client = @saved_cs_client */;

--
-- Dumping data for table `user`
--

LOCK TABLES `user` WRITE;
/*!40000 ALTER TABLE `user` DISABLE KEYS */;
INSERT INTO `user` VALUES (1,'admin','admin',3,0,NULL),(2,'admin','admin',2,0,NULL);
/*!40000 ALTER TABLE `user` ENABLE KEYS */;
UNLOCK TABLES;

--
-- Table structure for table `workform`
--

DROP TABLE IF EXISTS `workform`;
/*!40101 SET @saved_cs_client     = @@character_set_client */;
/*!40101 SET character_set_client = utf8 */;
CREATE TABLE `workform` (
  `Id` int(11) NOT NULL AUTO_INCREMENT,
  `batchId` int(11) DEFAULT NULL,
  `procId` int(11) DEFAULT NULL,
  `quaNum` int(11) DEFAULT NULL,
  `disqNum` int(11) DEFAULT NULL,
  `time` date DEFAULT NULL,
  `isDelete` int(11) DEFAULT NULL,
  `deleteTime` date DEFAULT NULL,
  `name` varchar(20) DEFAULT NULL,
  PRIMARY KEY (`Id`)
) ENGINE=InnoDB DEFAULT CHARSET=utf8;
/*!40101 SET character_set_client = @saved_cs_client */;

--
-- Dumping data for table `workform`
--

LOCK TABLES `workform` WRITE;
/*!40000 ALTER TABLE `workform` DISABLE KEYS */;
/*!40000 ALTER TABLE `workform` ENABLE KEYS */;
UNLOCK TABLES;
/*!40103 SET TIME_ZONE=@OLD_TIME_ZONE */;

/*!40101 SET SQL_MODE=@OLD_SQL_MODE */;
/*!40014 SET FOREIGN_KEY_CHECKS=@OLD_FOREIGN_KEY_CHECKS */;
/*!40014 SET UNIQUE_CHECKS=@OLD_UNIQUE_CHECKS */;
/*!40101 SET CHARACTER_SET_CLIENT=@OLD_CHARACTER_SET_CLIENT */;
/*!40101 SET CHARACTER_SET_RESULTS=@OLD_CHARACTER_SET_RESULTS */;
/*!40101 SET COLLATION_CONNECTION=@OLD_COLLATION_CONNECTION */;
/*!40111 SET SQL_NOTES=@OLD_SQL_NOTES */;

-- Dump completed on 2012-08-22 11:18:04
