-- MySQL dump 10.11
--
-- Host: localhost    Database: sisys2
-- ------------------------------------------------------
-- Server version	5.0.85-community-nt

/*!40101 SET @OLD_CHARACTER_SET_CLIENT=@@CHARACTER_SET_CLIENT */;
/*!40101 SET @OLD_CHARACTER_SET_RESULTS=@@CHARACTER_SET_RESULTS */;
/*!40101 SET @OLD_COLLATION_CONNECTION=@@COLLATION_CONNECTION */;
/*!40101 SET NAMES utf8 */;
/*!40103 SET @OLD_TIME_ZONE=@@TIME_ZONE */;
/*!40103 SET TIME_ZONE='+00:00' */;
/*!40014 SET @OLD_UNIQUE_CHECKS=@@UNIQUE_CHECKS, UNIQUE_CHECKS=0 */;
/*!40014 SET @OLD_FOREIGN_KEY_CHECKS=@@FOREIGN_KEY_CHECKS, FOREIGN_KEY_CHECKS=0 */;
/*!40101 SET @OLD_SQL_MODE=@@SQL_MODE, SQL_MODE='NO_AUTO_VALUE_ON_ZERO' */;
/*!40111 SET @OLD_SQL_NOTES=@@SQL_NOTES, SQL_NOTES=0 */;

--
-- Table structure for table `backkind`
--

DROP TABLE IF EXISTS `backkind`;
/*!40101 SET @saved_cs_client     = @@character_set_client */;
/*!40101 SET character_set_client = utf8 */;
CREATE TABLE `backkind` (
  `Id` int(11) NOT NULL auto_increment,
  `name` varchar(20) default NULL,
  PRIMARY KEY  (`Id`)
) ENGINE=InnoDB AUTO_INCREMENT=5 DEFAULT CHARSET=utf8;
/*!40101 SET character_set_client = @saved_cs_client */;

--
-- Dumping data for table `backkind`
--

LOCK TABLES `backkind` WRITE;
/*!40000 ALTER TABLE `backkind` DISABLE KEYS */;
INSERT INTO `backkind` VALUES (1,'尺寸返工'),(2,'外观返工'),(3,'热处理（理化）不合格返工'),(4,'清洁度不合格返工');
/*!40000 ALTER TABLE `backkind` ENABLE KEYS */;
UNLOCK TABLES;

--
-- Table structure for table `backworkform`
--

DROP TABLE IF EXISTS `backworkform`;
/*!40101 SET @saved_cs_client     = @@character_set_client */;
/*!40101 SET character_set_client = utf8 */;
CREATE TABLE `backworkform` (
  `Id` int(11) NOT NULL auto_increment,
  `proNo` varchar(20) default NULL,
  `batchNo` varchar(20) default NULL,
  `procNo` varchar(20) default NULL,
  `staNo` varchar(20) default NULL,
  `kind` varchar(200) default NULL,
  `workHours` double default NULL,
  `name` varchar(20) default NULL,
  `checkNo` varchar(20) default NULL,
  `respNo` varchar(20) default NULL,
  `time` date default NULL,
  `isDelete` int(11) default NULL,
  `deleteTime` date default NULL,
  PRIMARY KEY  (`Id`)
) ENGINE=InnoDB DEFAULT CHARSET=utf8;
/*!40101 SET character_set_client = @saved_cs_client */;

--
-- Dumping data for table `backworkform`
--

LOCK TABLES `backworkform` WRITE;
/*!40000 ALTER TABLE `backworkform` DISABLE KEYS */;
/*!40000 ALTER TABLE `backworkform` ENABLE KEYS */;
UNLOCK TABLES;

--
-- Table structure for table `batch`
--

DROP TABLE IF EXISTS `batch`;
/*!40101 SET @saved_cs_client     = @@character_set_client */;
/*!40101 SET character_set_client = utf8 */;
CREATE TABLE `batch` (
  `Id` int(11) NOT NULL auto_increment,
  `batchNo` varchar(20) default NULL,
  `flowId` int(11) default NULL,
  `proId` int(11) default NULL,
  `status` int(11) default NULL,
  `startTime` datetime default NULL,
  `endTime` datetime default NULL,
  `totalNum` int(11) default NULL,
  `note` varchar(400) default NULL,
  `isDelete` int(11) default '0',
  `deleteTime` date default NULL,
  PRIMARY KEY  (`Id`),
  KEY `FK_Reference_5` (`flowId`),
  KEY `FK_Reference_6` (`proId`),
  CONSTRAINT `FK_Reference_5` FOREIGN KEY (`flowId`) REFERENCES `flowpath` (`Id`) ON UPDATE CASCADE,
  CONSTRAINT `FK_Reference_6` FOREIGN KEY (`proId`) REFERENCES `product` (`Id`) ON UPDATE CASCADE
) ENGINE=InnoDB DEFAULT CHARSET=utf8;
/*!40101 SET character_set_client = @saved_cs_client */;

--
-- Dumping data for table `batch`
--

LOCK TABLES `batch` WRITE;
/*!40000 ALTER TABLE `batch` DISABLE KEYS */;
/*!40000 ALTER TABLE `batch` ENABLE KEYS */;
UNLOCK TABLES;

--
-- Table structure for table `department`
--

DROP TABLE IF EXISTS `department`;
/*!40101 SET @saved_cs_client     = @@character_set_client */;
/*!40101 SET character_set_client = utf8 */;
CREATE TABLE `department` (
  `Id` int(11) NOT NULL auto_increment,
  `deptNo` varchar(20) default NULL,
  `deptName` varchar(20) default NULL,
  `isDelete` int(11) default '0',
  `deleteTime` date default NULL,
  PRIMARY KEY  (`Id`)
) ENGINE=InnoDB AUTO_INCREMENT=14 DEFAULT CHARSET=utf8;
/*!40101 SET character_set_client = @saved_cs_client */;

--
-- Dumping data for table `department`
--

LOCK TABLES `department` WRITE;
/*!40000 ALTER TABLE `department` DISABLE KEYS */;
INSERT INTO `department` VALUES (7,'1','制造一部',0,NULL),(8,'2','制造二部',0,NULL),(9,'3','制造三部',0,NULL),(10,'4','制造四部',0,NULL),(11,'5','制造五部',0,NULL),(12,'6','制造六部',0,NULL),(13,'0','外协',0,NULL);
/*!40000 ALTER TABLE `department` ENABLE KEYS */;
UNLOCK TABLES;

--
-- Table structure for table `disqkind`
--

DROP TABLE IF EXISTS `disqkind`;
/*!40101 SET @saved_cs_client     = @@character_set_client */;
/*!40101 SET character_set_client = utf8 */;
CREATE TABLE `disqkind` (
  `Id` int(11) NOT NULL auto_increment,
  `disDesc` varchar(30) default NULL,
  `kind` int(11) default NULL,
  `isDelete` int(11) default '0',
  `deleteTime` date default NULL,
  PRIMARY KEY  (`Id`)
) ENGINE=InnoDB AUTO_INCREMENT=12 DEFAULT CHARSET=utf8;
/*!40101 SET character_set_client = @saved_cs_client */;

--
-- Dumping data for table `disqkind`
--

LOCK TABLES `disqkind` WRITE;
/*!40000 ALTER TABLE `disqkind` DISABLE KEYS */;
INSERT INTO `disqkind` VALUES (1,'调试不合格',0,0,NULL),(2,'气孔、砂眼',0,0,NULL),(3,'裂纹',0,0,NULL),(4,'缺料、起层',0,0,NULL),(5,'碰、划、拉伤',0,0,NULL),(6,'尺寸不合格',0,0,NULL),(7,'加工缺陷',0,0,NULL),(8,'物理性能不合格',0,0,NULL),(9,'化学成分不合格',0,0,NULL),(10,'试验检验件',0,0,NULL),(11,'其他',0,0,NULL);
/*!40000 ALTER TABLE `disqkind` ENABLE KEYS */;
UNLOCK TABLES;

--
-- Table structure for table `disqkinddetail`
--

DROP TABLE IF EXISTS `disqkinddetail`;
/*!40101 SET @saved_cs_client     = @@character_set_client */;
/*!40101 SET character_set_client = utf8 */;
CREATE TABLE `disqkinddetail` (
  `Id` int(11) NOT NULL auto_increment,
  `disqKId` int(11) default NULL,
  `disqKNum` int(11) default NULL,
  `time` date default NULL,
  PRIMARY KEY  (`Id`)
) ENGINE=InnoDB DEFAULT CHARSET=utf8;
/*!40101 SET character_set_client = @saved_cs_client */;

--
-- Dumping data for table `disqkinddetail`
--

LOCK TABLES `disqkinddetail` WRITE;
/*!40000 ALTER TABLE `disqkinddetail` DISABLE KEYS */;
/*!40000 ALTER TABLE `disqkinddetail` ENABLE KEYS */;
UNLOCK TABLES;

--
-- Table structure for table `flowpath`
--

DROP TABLE IF EXISTS `flowpath`;
/*!40101 SET @saved_cs_client     = @@character_set_client */;
/*!40101 SET character_set_client = utf8 */;
CREATE TABLE `flowpath` (
  `Id` int(11) NOT NULL auto_increment,
  `sequence` varchar(300) default NULL,
  `proId` int(11) default NULL,
  `isDelete` int(11) default '0',
  `deleteTime` date default NULL,
  PRIMARY KEY  (`Id`),
  KEY `FK_Reference_10` (`proId`),
  CONSTRAINT `FK_Reference_10` FOREIGN KEY (`proId`) REFERENCES `product` (`Id`) ON UPDATE CASCADE
) ENGINE=InnoDB AUTO_INCREMENT=134 DEFAULT CHARSET=utf8;
/*!40101 SET character_set_client = @saved_cs_client */;

--
-- Dumping data for table `flowpath`
--

LOCK TABLES `flowpath` WRITE;
/*!40000 ALTER TABLE `flowpath` DISABLE KEYS */;
INSERT INTO `flowpath` VALUES (1,'1-2-3-4-5-6-7-8-9-10-11-12-13-14-15-16-17',1,0,NULL),(2,'18-19-20-21-22-23-24-25-26-27-28-29-30-31-32-33-34',2,0,NULL),(3,'35-36-37-38-39-40-41-42-43-44-45-46-47-48-49-50-51-52-53-54-55-56',3,0,NULL),(4,'57-58-59-60-61-62-63-64-65-66-67-68-69-70-71',4,0,NULL),(5,'72-73-74-75-76-77-78-79-80-81-82-83-84-85-86',5,0,NULL),(6,'87-88-89-90-91-92-93-94-95-96-97-98-99-100-101-102',6,0,NULL),(7,'103-104-105-106-107-108-109-110-111-112-113-114',7,0,NULL),(8,'115-116-117-118-119-120-121-122-123-124-125-126',8,0,NULL),(9,'127-128-129-130-131-132-133-134-135-136-137-138-139-140-141',9,0,NULL),(10,'142-143-144-145-146-147-148-149-150-151-152-153-154-155',10,0,NULL),(11,'156-157-158-159-160-161-162-163-164-165-166-167-168',11,0,NULL),(12,'169-170-171-172-173-174-175-176-177-178-179',12,0,NULL),(13,'180-181-182-183-184-185-186-187-188-189-190',13,0,NULL),(14,'191-192-193-194-195-196-197-198-199-200-201',14,0,NULL),(15,'202-203-204-205-206-207-208-209-210-211-212',15,0,NULL),(16,'213-214-215-216-217-218-219-220-221-222-223-224-225-226-227-228-229-230',16,0,NULL),(17,'231-232-233-234-235-236-237-238-239-240-241',17,0,NULL),(18,'242-243-244-245-246-247-248-249-250-251-252-253-254-255-256-257-258-259-260',18,0,NULL),(19,'261-262-263-264-265-266-267-268-269-270-271-272-273-274-275-276-277-278-279',19,0,NULL),(20,'280-281-282-283-284-285-286-287-288-289-290-291-292-293-294-295-296-297-298',20,0,NULL),(21,'299-300-301-302-303-304-305-306-307-308-309-310-311-312-313-314-315-316-317',21,0,NULL),(22,'318-319-320-321-322-323-324-325-326-327-328-329-330-331',22,0,NULL),(23,'332-333-334-335-336-337-338-339-340-341-342-343-344-345',23,0,NULL),(24,'346-347-348-349-350-351-352-353-354-355-356-357-358-359-360-361',24,0,NULL),(25,'362-363-364-365-366-367-368-369-370-371-372-373-374-375-376',25,0,NULL),(26,'377-378-379-380-381-382-383-384-385-386-387',26,0,NULL),(27,'388-389-390-391-392-393-394-395-396-397-398',27,0,NULL),(28,'399-400-401-402-403-404-405-406-407-408-409-410-411-412-413-414-415-416-417-418',28,0,NULL),(29,'419-420-421-422-423-424-425-426-427-428-429-430-431-432-433-434',29,0,NULL),(30,'435-436-437-438-439-440-441-442-443-444-445-446-447-448',30,0,NULL),(31,'449-450-451-452-453-454-455-456-457-458-459',31,0,NULL),(32,'460-461-462-463-464-465-466-467-468-469-470',32,0,NULL),(33,'480-481-482-483-484-485-486-487-488-489-490-491-492-493-494-495',34,0,NULL),(34,'496-497-498-499-500-501-502-503-504-505-506-507-508-509-510-511-512',35,0,NULL),(35,'513-514-515-516-517-518-519-520-521',36,0,NULL),(36,'522-523-524-525-526-527-528-529-530-531-532-533-534-535-536-537-538',37,0,NULL),(37,'539-540-541-542-543-544-545-546-547-548-549-550-551-552-553-554-555-556',38,0,NULL),(38,'557-558-559-560-561-562-563-564-565-566-567-568-569-570-571-572-573-574-575',39,0,NULL),(39,'576-577-578-579-580-581-582-583-584-585-586-587-588-589-590-591-592-593',40,0,NULL),(40,'594-595-596-597-598-599-600-601-602-603-604-605-606-607-608-609-610-611',41,0,NULL),(41,'612-613-614-615-616-617-618-619-620-621-622-623-624-625-626-627-628',42,0,NULL),(42,'629-630-631-632-633-634-635-636-637-638-639-640-641-642-643-644-645-646-647',43,0,NULL),(43,'648-649-650-651-652-653-654-655-656-657-658-659-660-661-662-663-664-665-666',44,0,NULL),(44,'667-668-669-670-671-672-673-674-675-676-677-678-679-680-681-682-683-684',45,0,NULL),(45,'685-686-687-688-689-690-691-692-693-694-695-696-697-698-699-700-701-702',46,0,NULL),(46,'703-704-705-706-707-708-709-710-711-712-713-714-715-716-717-718-719-720',47,0,NULL),(47,'721-722-723-724-725-726-727-728-729-730-731-732-733-734-735-736-737-738-739-740',48,0,NULL),(48,'741-742-743-744-745-746-747-748-749-750-751-752-753-754-755-756-757-758-759',49,0,NULL),(49,'760-761-762-763-764-765-766-767-768-769-770-771-772-773-774-775-776-777-778',50,0,NULL),(50,'779-780-781-782-783-784-785-786-787-788-789-790-791-792-793-794-795',51,0,NULL),(51,'796-797-798-799-800-801-802-803-804-805-806-807-808-809',52,0,NULL),(52,'810-811-812-813-814-815-816-817-818-819-820-821-822-823-824-825-826-827-828-829-830-831',53,0,NULL),(53,'832-833-834-835-836-837-838-839-840-841-842-843-844-845-846-847-848-849-850',54,0,NULL),(54,'851-852-853-854-855-856-857-858-859-860-861-862-863-864-865-866-867-868-869-870-871-872-873-874',55,0,NULL),(55,'875-876-877-878-879-880-881-882-883-884-885-886-887-888-889-890-891-892-893-894',56,0,NULL),(56,'895-896-897-898-899-900-901-902-903-904-905-906',57,0,NULL),(57,'907-908-909-910-911-912-913-914-915-916-917-918-919-920-921-922-923-924',58,0,NULL),(58,'925-926-927-928-929-930-931-932-933-934-935-936-937',59,0,NULL),(59,'938-939-940-941-942-943-944-945-946-947-948-949-950',60,0,NULL),(60,'951-952-953-954-955-956-957-958-959-960-961-962-963',61,0,NULL),(61,'964-965-966-967-968-969-970-971-972-973-974-975-976',62,0,NULL),(62,'977-978-979-980-981-982-983-984-985-986-987-988',63,0,NULL),(63,'989-990-991-992-993-994-995-996-997-998-999-1000',64,0,NULL),(64,'1001-1002-1003-1004-1005-1006-1007-1008-1009-1010-1011-1012-1013-1014-1015',65,0,NULL),(65,'1016-1017-1018-1019-1020-1021-1022-1023-1024-1025-1026',66,0,NULL),(66,'1027-1028-1029-1030-1031-1032-1033-1034-1035-1036-1037-1038-1039-1040-1041-1042-1043',67,0,NULL),(67,'1044-1045-1046-1047-1048',68,0,NULL),(68,'1049-1050-1051-1052-1053-1054-1055-1056-1057-1058-1059-1060-1061-1062-1063-1064-1065-1066',69,0,NULL),(69,'1067-1068-1069-1070-1071-1072-1073-1074-1075-1076-1077-1078-1079-1080',70,0,NULL),(70,'1081-1082-1083-1084-1085-1086-1087-1088-1089-1090-1091-1092-1093-1094-1095-1096-1097-1098',71,0,NULL),(71,'1099-1100-1101-1102-1103-1104-1105-1106-1107-1108-1109-1110-1111-1112-1113-1114-1115-1116',72,0,NULL),(72,'1117-1118-1119-1120-1121-1122-1123-1124-1125-1126-1127-1128-1129-1130-1131-1132-1133-1134-1135-1136-1137',73,0,NULL),(73,'1138-1139-1140-1141-1142-1143-1144-1145-1146-1147-1148-1149-1150-1151-1152-1153-1154-1155-1156-1157',74,0,NULL),(74,'1158-1159-1160-1161-1162-1163-1164-1165-1166-1167-1168-1169-1170-1171-1172-1173-1174-1175-1176',75,0,NULL),(75,'1177-1178-1179-1180-1181-1182-1183-1184-1185-1186-1187-1188-1189-1190-1191-1192-1193-1194-1195',76,0,NULL),(78,'1233-1234-1235-1236-1237-1238-1239-1240-1241-1242-1243-1244-1245-1246-1247-1248-1249-1250-1251',81,0,NULL),(79,'1282-1283-1284-1285-1286-1287-1288-1289-1290-1291-1292-1293',85,0,NULL),(80,'1294-1295-1296-1297-1298-1299-1300-1301-1302-1303-1304-1305-1306-1307-1308',86,0,NULL),(81,'1309-1310-1311-1312-1313-1314-1315-1316-1317-1318-1319-1320-1321-1322-1323-1324',87,0,NULL),(82,'1325-1326-1327-1328-1329-1330-1331-1332-1333-1334-1335-1336-1337-1338-1339-1340',88,0,NULL),(83,'1341-1342-1343-1344-1345-1346-1347-1348-1349-1350-1351-1352-1353-1354-1355',89,0,NULL),(84,'1356-1357-1358-1359-1360-1361-1362-1363-1364-1365-1366-1367-1368-1369-1370-1371-1372-1373-1374-1375',90,0,NULL),(85,'1376-1377-1378-1379-1380-1381-1382-1383-1384-1385-1386-1387-1388-1389-1390',91,0,NULL),(86,'1391-1392-1393-1394-1395-1396-1397-1398-1399-1400-1401-1402-1403-1404-1405-1406',92,0,NULL),(87,'1407-1408-1409-1410-1411-1412-1413-1414-1415-1416-1417-1418-1419-1420-1421-1422-1423',93,0,NULL),(88,'1424-1425-1426-1427-1428-1429-1430-1431-1432-1433-1434-1435-1436-1437-1438-1439-1440-1441',94,0,NULL),(89,'1442-1443-1444-1445-1446-1447-1448-1449-1450-1451-1452-1453-1454-1455-1456-1457-1458',95,0,NULL),(90,'1459-1460-1461-1462-1463-1464-1465-1466-1467-1468-1469-1470-1471-1472-1473-1474-1475-1476',96,0,NULL),(91,'1477-1478-1479-1480-1481-1482-1483-1484-1485-1486-1487-1488-1489-1490-1491-1492-1493-1494',97,0,NULL),(92,'1495-1496-1497-1498-1499-1500-1501-1502-1503-1504-1505-1506-1507-1508-1509-1510-1511-1512',98,0,NULL),(93,'1513-1514-1515-1516-1517-1518-1519-1520-1521-1522-1523-1524-1525-1526-1527-1528',99,0,NULL),(94,'1529-1530-1531-1532-1533-1534-1535-1536-1537-1538-1539-1540-1541-1542-1543-1544-1545-1546',100,0,NULL),(95,'1547-1548-1549-1550-1551-1552-1553-1554-1555-1556-1557-1558-1559-1560-1561-1562',101,0,NULL),(96,'1563-1564-1565-1566-1567-1568-1569-1570-1571-1572-1573-1574-1575-1576-1577-1578-1579-1580-1581',102,0,NULL),(97,'1582-1583-1584-1585-1586-1587-1588-1589-1590-1591-1592-1593-1594-1595-1596-1597-1598-1599-1600',103,0,NULL),(98,'1601-1602-1603-1604-1605-1606-1607-1608-1609-1610-1611-1612-1613-1614-1615-1616-1617',104,0,NULL),(99,'1618-1619-1620-1621-1622-1623-1624-1625-1626-1627-1628-1629-1630-1631-1632-1633-1634',105,0,NULL),(100,'1635-1636-1637-1638-1639-1640-1641-1642-1643-1644-1645-1646-1647-1648-1649-1650-1651',106,0,NULL),(101,'1652-1653-1654-1655-1656-1657-1658-1659-1660-1661-1662-1663-1664-1665-1666-1667-1668',107,0,NULL),(102,'1669-1670-1671-1672-1673-1674-1675-1676-1677-1678-1679-1680-1681-1682-1683-1684',108,0,NULL),(103,'1685-1686-1687-1688-1689-1690-1691-1692-1693-1694-1695-1696-1697-1698-1699',109,0,NULL),(104,'1700-1701-1702-1703-1704-1705-1706-1707-1708-1709-1710-1711-1712-1713-1714-1715-1716-1717-1718',110,0,NULL),(105,'1719-1720-1721-1722-1723-1724-1725-1726-1727-1728-1729-1730-1731-1732-1733-1734',111,0,NULL),(106,'1735-1736-1737-1738-1739-1740-1741-1742-1743-1744-1745-1746-1747-1748-1749-1750',112,0,NULL),(107,'1751-1752-1753-1754-1755-1756-1757-1758-1759-1760-1761-1762-1763-1764-1765-1766-1767',113,0,NULL),(108,'1768-1769-1770-1771-1772-1773-1774-1775-1776-1777-1778-1779-1780-1781-1782-1783-1784',114,0,NULL),(109,'1785-1786-1787-1788-1789-1790-1791-1792-1793-1794-1795-1796-1797-1798-1799-1800',115,0,NULL),(110,'1801-1802-1803-1804-1805-1806-1807-1808-1809-1810-1811-1812-1813-1814-1815-1816',116,0,NULL),(111,'1817-1818-1819-1820-1821-1822-1823-1824-1825-1826-1827-1828-1829-1830-1831-1832-1833',117,0,NULL),(112,'1834-1835-1836-1837-1838-1839-1840-1841-1842-1843-1844-1845-1846-1847-1848-1849-1850-1851-1852',118,0,NULL),(113,'1853-1854-1855-1856-1857-1858-1859-1860-1861-1862-1863-1864-1865-1866-1867-1868-1869-1870',119,0,NULL),(114,'1887-1888-1889-1890-1891-1892-1893-1894-1895-1896-1897-1898-1899-1900',121,0,NULL),(115,'1901-1902-1903-1904-1905-1906-1907-1908-1909-1910-1911-1912-1913-1914',122,0,NULL),(116,'1915-1916-1917-1918-1919-1920-1921-1922-1923-1924-1925-1926-1927-1928-1929',123,0,NULL),(117,'1930-1931-1932-1933-1934-1935-1936-1937-1938-1939-1940-1941-1942-1943-1944-1945-1946',124,0,NULL),(118,'1947-1948-1949-1950-1951-1952-1953-1954-1955-1956-1957-1958-1959-1960-1961-1962-1963-1964',125,0,NULL),(119,'1965-1966-1967-1968-1969-1970-1971-1972-1973-1974-1975-1976-1977-1978-1979',126,0,NULL),(120,'1980-1981-1982-1983-1984-1985-1986-1987-1988-1989-1990-1991-1992-1993-1994',127,0,NULL),(121,'1995-1996-1997-1998-1999-2000-2001-2002-2003-2004-2005-2006-2007-2008-2009-2010-2011',128,0,NULL),(122,'2012-2013-2014-2015-2016-2017-2018-2019-2020-2021-2022-2023-2024-2025-2026-2027-2028',129,0,NULL),(123,'2029-2030-2031-2032-2033-2034-2035-2036-2037-2038-2039-2040-2041-2042-2043',130,0,NULL),(124,'2044-2045-2046-2047-2048-2049-2050-2051-2052-2053-2054-2055-2056-2057-2058-2059',131,0,NULL),(125,'2060-2061-2062-2063-2064-2065-2066-2067-2068-2069-2070-2071-2072-2073-2074-2075',132,0,NULL),(126,'2076-2077-2078-2079-2080-2081-2082-2083-2084-2085-2086-2087-2088-2089-2090-2091-2092-2093',133,0,NULL),(127,'2094-2095-2096-2097-2098-2099-2100-2101-2102-2103-2104-2105-2106-2107-2108-2109-2110',134,0,NULL),(128,'2127-2128-2129-2130-2131-2132-2133-2134-2135-2136-2137-2138-2139-2140-2141-2142-2143',136,0,NULL),(129,'2144-2145-2146-2147-2148-2149-2150-2151-2152-2153-2154-2155-2156-2157-2158-2159-2160-2161-2162',137,0,NULL),(130,'2163-2164-2165-2166-2167-2168-2169-2170-2171-2172-2173-2174-2175-2176-2177-2178-2179-2180',138,0,NULL),(131,'2181-2182-2183-2184-2185-2186-2187-2188-2189-2190-2191-2192-2193-2194-2195-2196-2197-2198',139,0,NULL),(132,'2199-2200-2201-2202-2203-2204-2205-2206-2207-2208-2209-2210-2211-2212-2213-2214-2215-2216',140,0,NULL),(133,'2217-2218-2219-2220-2221-2222-2223-2224-2225-2226-2227-2228-2229-2230-2231-2232-2233-2234',141,0,NULL);
/*!40000 ALTER TABLE `flowpath` ENABLE KEYS */;
UNLOCK TABLES;

--
-- Table structure for table `processes`
--

DROP TABLE IF EXISTS `processes`;
/*!40101 SET @saved_cs_client     = @@character_set_client */;
/*!40101 SET character_set_client = utf8 */;
CREATE TABLE `processes` (
  `Id` int(11) NOT NULL auto_increment,
  `procName` varchar(80) default NULL,
  `colorNo` varchar(10) default NULL,
  `procNo` varchar(20) default NULL,
  `unitOutput` double default NULL,
  `unitCost` double default NULL,
  `isDelete` int(11) default '0',
  `deleteTime` date default NULL,
  PRIMARY KEY  (`Id`)
) ENGINE=InnoDB AUTO_INCREMENT=2235 DEFAULT CHARSET=utf8;
/*!40101 SET character_set_client = @saved_cs_client */;

--
-- Dumping data for table `processes`
--

LOCK TABLES `processes` WRITE;
/*!40000 ALTER TABLE `processes` DISABLE KEYS */;
INSERT INTO `processes` VALUES (1,'混料','#ffffff','1 ',1022727,4.68,0,NULL),(2,'压制','#c0c0c0','2 ',2200,24.4,0,NULL),(3,'烧结','#ff00ff','3 ',3000,10.71,0,NULL),(4,'整形','#ff99cc','4 ',1000,12.2,0,NULL),(5,'车加工','#0000ff','5 ',600,10.6,0,NULL),(6,'钻孔','#0000ff','6 ',180,9,0,NULL),(7,'绞孔','#0000ff','7 ',180,9,0,NULL),(8,'攻丝M8','#0000ff','8 ',180,9,0,NULL),(9,'刷毛刺','#ff9900','9 ',3000,13.6,0,NULL),(10,'除水','#010000','10 ',3000,10.6,0,NULL),(11,'焊接','#00ccff','11 ',1500,13.95,0,NULL),(12,'探伤','#cc99ff','8 ',4000,11,0,NULL),(13,'除油','#010000','12 ',1000,11,0,NULL),(14,'蒸汽处理','#010000','14 ',1000,11,0,NULL),(15,'检内孔','#008000','16 ',800,8.6,0,NULL),(16,'全检','#008000','17 ',3000,27.2,0,NULL),(17,'包装','#00ff00','18 ',4000,26,0,NULL),(18,'混料','#ffffff','1 ',1022727,4.68,0,NULL),(19,'压制','#c0c0c0','2 ',2200,24.4,0,NULL),(20,'烧结','#ff00ff','3 ',3000,10.71,0,NULL),(21,'整形','#ff99cc','4 ',1000,12.2,0,NULL),(22,'车加工','#0000ff','5 ',600,10.6,0,NULL),(23,'钻孔','#0000ff','6 ',180,9,0,NULL),(24,'绞孔','#0000ff','7 ',180,9,0,NULL),(25,'攻丝M8','#0000ff','8 ',180,9,0,NULL),(26,'刷毛刺','#ff9900','9 ',3000,13.6,0,NULL),(27,'除水','#010000','10 ',3000,10.6,0,NULL),(28,'焊接','#00ccff','11 ',1500,13.95,0,NULL),(29,'探伤','#cc99ff','8 ',4000,11,0,NULL),(30,'除油','#010000','12 ',1000,11,0,NULL),(31,'蒸汽处理','#010000','14 ',1000,11,0,NULL),(32,'检内孔','#008000','16 ',800,8.6,0,NULL),(33,'全检','#008000','17 ',3000,27.2,0,NULL),(34,'包装','#00ff00','18 ',4000,26,0,NULL),(35,'混料','#ffffff','1 ',10500,7.6,0,NULL),(36,'压制','#c0c0c0','2 ',2000,24.4,0,NULL),(37,'烧结','#ff00ff','3 ',3000,18,0,NULL),(38,'整形','#ff99cc','4 ',1500,11,0,NULL),(39,'车基面','#0000ff','5 ',1000,9,0,NULL),(40,'车端面','#0000ff','6 ',1000,9,0,NULL),(41,'粗车AB','#0000ff','7 ',400,9,0,NULL),(42,'精车AB','#0000ff','8 ',400,9,0,NULL),(43,'钻孔','#0000ff','9 ',200,9,0,NULL),(44,'去键槽毛刺','#ff99cc','10 ',600,6.1,0,NULL),(45,'刷外齿毛刺','#ff9900','11 ',6000,16.8,0,NULL),(46,'去内齿毛刺','#ff99cc','12 ',1500,11,0,NULL),(47,'磨外圆','#0000ff','13 ',400,9,0,NULL),(48,'高频淬火','#993366','14 ',4000,11,0,NULL),(49,'回火','#993366','15 ',3000,22,0,NULL),(50,'砂端面毛刺','#0000ff','16 ',1500,8.4,0,NULL),(51,'打标识','#0000ff','17 ',6000,6.8,0,NULL),(52,'探伤','#cc99ff','18 ',4000,11,0,NULL),(53,'全检','#008000','19 ',2000,22.8,0,NULL),(54,'清洗、浸油、包装','#00ff00','20 ',15000,40.8,0,NULL),(55,'成检','#99cc00','21 ',-1,11,0,NULL),(56,'打包入库','#00ff00','22 ',5000,6.5,0,NULL),(57,'压制','#c0c0c0','1 ',2000,24.4,0,NULL),(58,'烧结','#ff00ff','2 ',4000,15.5,0,NULL),(59,'整外齿','#ff99cc','4 ',1800,11,0,NULL),(60,'整键槽','#ff99cc','5 ',1800,11,0,NULL),(61,'车齿面','#0000ff','6 ',350,11,0,NULL),(62,'车齿面、倒角','#0000ff','8 ',300,11,0,NULL),(63,'去毛刺','#ff9900','9 ',2500,15.2,0,NULL),(64,'高频淬火','#993366','10 ',6000,11,0,NULL),(65,'全探伤','#cc99ff','11 ',6000,11,0,NULL),(66,'打标记','#ff9900','12 ',2000,9,0,NULL),(67,'车内孔，沉孔、端面','#0000ff','13 ',250,11,0,NULL),(68,'GP12监察','#008000','14 ',3000,19.5,0,NULL),(69,'清洗、浸油包装','#00ff00','15 ',5000,20.4,0,NULL),(70,'成品检验','#008000','16 ',2000,24,0,NULL),(71,'打包入库','#00ff00','17 ',5000,24,0,NULL),(72,'压制','#c0c0c0','1 ',2000,24.4,0,NULL),(73,'烧结','#ff00ff','2 ',4000,15.5,0,NULL),(74,'整外齿','#ff99cc','4 ',1800,11,0,NULL),(75,'整键槽','#ff99cc','5 ',1800,11,0,NULL),(76,'车齿面','#0000ff','6 ',350,11,0,NULL),(77,'车齿面、倒角','#0000ff','8 ',300,11,0,NULL),(78,'去毛刺','#ff9900','9 ',2500,15.2,0,NULL),(79,'高频淬火','#993366','10 ',6000,11,0,NULL),(80,'全探伤','#cc99ff','11 ',6000,11,0,NULL),(81,'打标记','#ff9900','12 ',2000,9,0,NULL),(82,'车内孔，沉孔、端面','#0000ff','13 ',250,11,0,NULL),(83,'GP12监察','#008000','14 ',3000,19.5,0,NULL),(84,'清洗、浸油包装','#00ff00','15 ',5000,20.4,0,NULL),(85,'成品检验','#008000','16 ',2000,24,0,NULL),(86,'打包入库','#00ff00','17 ',5000,24,0,NULL),(87,'混料','#ffffff','1 ',17369,7.6,0,NULL),(88,'压制','#c0c0c0','2 ',2000,12.2,0,NULL),(89,'烧结','#ff00ff','3 ',2500,15.5,0,NULL),(90,'整形','#ff99cc','4 ',1500,12.2,0,NULL),(91,'刷外齿毛刺','#ff9900','5 ',4000,6.8,0,NULL),(92,'车内孔','#0000ff','6 ',1000,9,0,NULL),(93,'车端面','#0000ff','7 ',1000,9,0,NULL),(94,'焊接','#00ccff','8 ',2000,75,0,NULL),(95,'车加工','#0000ff','9 ',600,9,0,NULL),(96,'探伤','#cc99ff','10 ',4000,11,0,NULL),(97,'除油','#010000','11 ',3500,11,0,NULL),(98,'抛丸','#ff9900','12 ',500,12.5,0,NULL),(99,'蒸汽处理','#010000','13 ',2600,11,0,NULL),(100,'全检外观','#008000','14 ',3000,6.5,0,NULL),(101,'出厂检验','#99cc00','15 ',-1,10.6,0,NULL),(102,'清洗包装','#00ff00','16 ',8000,13.6,0,NULL),(103,'混料','#ffffff','1 ',21866,7.6,0,NULL),(104,'压制','#c0c0c0','2 ',2000,12.2,0,NULL),(105,'烧结','#ff00ff','3 ',1600,15.5,0,NULL),(106,'整形','#ff99cc','4 ',1500,12.2,0,NULL),(107,'砂毛刺','#0000ff','5 ',3000,6.8,0,NULL),(108,'粗车沉孔','#0000ff','6 ',1200,10.6,0,NULL),(109,'精车内孔','#0000ff','7 ',1000,10.6,0,NULL),(110,'刷外齿毛刺','#ff9900','9 ',3000,8.4,0,NULL),(111,'探伤','#cc99ff','10 ',4000,11,0,NULL),(112,'检外观、打标记','#008000','11 ',3000,6.5,0,NULL),(113,'出厂检验','#99cc00','12 ',-1,10.6,0,NULL),(114,'清洗包装','#00ff00','13 ',8000,13.6,0,NULL),(115,'混料','#ffffff','1 ',21866,7.6,0,NULL),(116,'压制','#c0c0c0','2 ',2000,12.2,0,NULL),(117,'烧结','#ff00ff','3 ',1600,15.5,0,NULL),(118,'整形','#ff99cc','4 ',1500,12.2,0,NULL),(119,'砂毛刺','#0000ff','5 ',3000,6.8,0,NULL),(120,'粗车沉孔','#0000ff','6 ',1200,10.6,0,NULL),(121,'精车内孔','#0000ff','7 ',1000,10.6,0,NULL),(122,'刷外齿毛刺','#ff9900','9 ',3000,8.4,0,NULL),(123,'探伤','#cc99ff','10 ',4000,11,0,NULL),(124,'检外观、打标记','#008000','11 ',3000,6.5,0,NULL),(125,'出厂检验','#99cc00','12 ',-1,10.6,0,NULL),(126,'清洗包装','#00ff00','13 ',8000,13.6,0,NULL),(127,'混料','#ffffff','1 ',28852,7.6,0,NULL),(128,'压制','#c0c0c0','2 ',2000,12.2,0,NULL),(129,'烧结','#ff00ff','3 ',4000,15.5,0,NULL),(130,'滑孔','#0000ff','4 ',2000,8.4,0,NULL),(131,'整形','#ff99cc','5 ',1500,11,0,NULL),(132,'车台阶','#0000ff','6 ',1000,10.6,0,NULL),(133,'去毛刺','#0000ff','7 ',2000,6.1,0,NULL),(134,'除油','#010000','8 ',3000,11,0,NULL),(135,'蒸汽处理','#010000','9 ',2500,11,0,NULL),(136,'钻孔','#0000ff','10 ',1200,9,0,NULL),(137,'攻丝','#0000ff','11 ',1000,9,0,NULL),(138,'装开口销','#0000ff','12 ',3000,8.4,0,NULL),(139,'探伤','#cc99ff','13 ',4000,11,0,NULL),(140,'检外观','#008000','14 ',3000,6.5,0,NULL),(141,'清洗包装','#00ff00','15 ',8000,13.6,0,NULL),(142,'混料','#ffffff','1 ',19655,7.6,0,NULL),(143,'压制','#c0c0c0','2 ',2000,12.2,0,NULL),(144,'烧结','#ff00ff','3 ',4000,15.5,0,NULL),(145,'滑孔','#0000ff','4 ',2000,9,0,NULL),(146,'整形','#ff99cc','5 ',1500,11,0,NULL),(147,'车台阶','#0000ff','6 ',1000,10.6,0,NULL),(148,'钻孔','#0000ff','7 ',1500,9,0,NULL),(149,'攻丝','#0000ff','8 ',1200,9,0,NULL),(150,'装开口销','#0000ff','9 ',3000,8.4,0,NULL),(151,'刷外齿毛刺','#ff9900','10 ',6000,6.8,0,NULL),(152,'探伤','#cc99ff','11 ',4000,21.2,0,NULL),(153,'检外观、刻标记','#008000','13 ',3000,6.5,0,NULL),(154,'出厂检验','#99cc00','14 ',-1,10.6,0,NULL),(155,'清洗包装','#00ff00','15 ',8000,13.6,0,NULL),(156,'混料','#ffffff','1 ',24333,7.6,0,NULL),(157,'压制','#c0c0c0','2 ',2000,11,0,NULL),(158,'烧结','#ff00ff','3 ',4000,15.5,0,NULL),(159,'滑孔','#0000ff','4 ',2000,9,0,NULL),(160,'整形','#ff99cc','5 ',1500,11,0,NULL),(161,'车台阶','#0000ff','6 ',1000,10.6,0,NULL),(162,'钻孔','#0000ff','7 ',1500,9,0,NULL),(163,'攻丝','#0000ff','8 ',1200,9,0,NULL),(164,'装开口销','#0000ff','9 ',3000,9,0,NULL),(165,'刷外齿毛刺','#ff9900','10 ',6000,8.4,0,NULL),(166,'检外观、刻标记','#008000','11 ',3000,6.5,0,NULL),(167,'出厂检验','#99cc00','12 ',-1,10.6,0,NULL),(168,'清洗包装','#00ff00','13 ',8000,13.6,0,NULL),(169,'混料','#ffffff','1 ',10984,7.6,0,NULL),(170,'压制','#c0c0c0','2 ',2000,12.2,0,NULL),(171,'烧结','#ff00ff','3 ',2200,15.5,0,NULL),(172,'刷毛刺','#ff9900','4 ',3000,6.8,0,NULL),(173,'整形','#ff99cc','5 ',2000,12.2,0,NULL),(174,'检内孔','#008000','6 ',2500,6.5,0,NULL),(175,'滑孔','#0000ff','7 ',2000,9,0,NULL),(176,'砂端面毛刺','#0000ff','8 ',3000,9,0,NULL),(177,'刷毛刺','#ff9900','9 ',3000,6.8,0,NULL),(178,'出厂检验','#99cc00','10 ',-1,10.6,0,NULL),(179,'清洗包装','#00ff00','11 ',3500,13.6,0,NULL),(180,'混料','#ffffff','1 ',10984,7.6,0,NULL),(181,'压制','#c0c0c0','2 ',2000,12.2,0,NULL),(182,'烧结','#ff00ff','3 ',2200,15.5,0,NULL),(183,'刷毛刺','#ff9900','4 ',3000,6.8,0,NULL),(184,'整形','#ff99cc','5 ',2000,12.2,0,NULL),(185,'检内孔','#008000','6 ',2500,6.5,0,NULL),(186,'滑孔','#0000ff','7 ',2000,9,0,NULL),(187,'砂端面毛刺','#0000ff','8 ',3000,9,0,NULL),(188,'刷毛刺','#ff9900','9 ',3000,6.8,0,NULL),(189,'出厂检验','#99cc00','10 ',-1,10.6,0,NULL),(190,'清洗包装','#00ff00','11 ',3500,13.6,0,NULL),(191,'混料','#ffffff','1 ',10984,7.6,0,NULL),(192,'压制','#c0c0c0','2 ',2000,12.2,0,NULL),(193,'烧结','#ff00ff','3 ',2200,15.5,0,NULL),(194,'刷毛刺','#ff9900','4 ',3000,6.8,0,NULL),(195,'整形','#ff99cc','5 ',2000,12.2,0,NULL),(196,'检内孔','#008000','6 ',2500,6.5,0,NULL),(197,'滑孔','#0000ff','7 ',2000,9,0,NULL),(198,'砂端面毛刺','#0000ff','8 ',3000,9,0,NULL),(199,'刷毛刺','#ff9900','9 ',3000,6.8,0,NULL),(200,'出厂检验','#99cc00','10 ',-1,10.6,0,NULL),(201,'清洗包装','#00ff00','11 ',3500,13.6,0,NULL),(202,'混料','#ffffff','1 ',10984,7.6,0,NULL),(203,'压制','#c0c0c0','2 ',2000,12.2,0,NULL),(204,'烧结','#ff00ff','3 ',2200,15.5,0,NULL),(205,'刷毛刺','#ff9900','4 ',4000,6.8,0,NULL),(206,'整形','#ff99cc','5 ',2000,12.2,0,NULL),(207,'检内孔','#008000','6 ',3000,6.5,0,NULL),(208,'滑孔','#0000ff','7 ',2000,8.4,0,NULL),(209,'刷毛刺','#ff9900','8 ',4000,6.8,0,NULL),(210,'探伤','#cc99ff','9 ',4000,11,0,NULL),(211,'出厂检验','#99cc00','10 ',-1,10.6,0,NULL),(212,'清洗包装','#00ff00','11 ',8000,26.6,0,NULL),(213,'混料','#ffffff','1',39578,7.6,0,NULL),(214,'压制','#c0c0c0','2',2000,12.2,0,NULL),(215,'烧结','#ff00ff','3',5000,15.5,0,NULL),(216,'打油槽毛刺','#ff9900','4',1500,6.1,0,NULL),(217,'整   形','#ff99cc','5',1500,11,0,NULL),(218,'车加工','#0000ff','6',500,31.25,0,NULL),(219,'钻  孔','#0000ff','7',1200,9,0,NULL),(220,'去键槽毛刺','#ff9900','8',1500,6.1,0,NULL),(221,'去内花键毛刺','#ff99cc','9',1500,11,0,NULL),(222,'刷外齿毛刺','#ff9900','10',6000,8.4,0,NULL),(223,'打标识','#0000ff','11',6000,6.8,0,NULL),(224,'渗碳淬火','#993366','12',6000,11,0,NULL),(225,'砂端面毛刺','#0000ff','13',3000,8.4,0,NULL),(226,'抛丸','#ff9900','14',500,6.25,0,NULL),(227,'探伤','#cc99ff','15',4000,11,0,NULL),(228,'清洗、浸油、包装','#00ff00','16',-1,13.6,0,NULL),(229,'成检','#008000','17',1500,7.6,0,NULL),(230,'清洗包装','#00ff00','18',8000,13.6,0,NULL),(231,'混料','#ffffff','1 ',10984,7.6,0,NULL),(232,'压制','#c0c0c0','2 ',2000,12.2,0,NULL),(233,'烧结','#ff00ff','3 ',2200,15.5,0,NULL),(234,'滑孔','#0000ff','4 ',2000,9,0,NULL),(235,'刷外齿毛刺','#ff9900','5 ',4000,6.8,0,NULL),(236,'整形','#ff99cc','6 ',2000,12.2,0,NULL),(237,'砂端面毛刺','#0000ff','7 ',3000,8.4,0,NULL),(238,'探伤','#cc99ff','8 ',4000,11,0,NULL),(239,'检外观、打标记','#008000','9 ',3000,6.5,0,NULL),(240,'出厂检验','#99cc00','10 ',-1,10.6,0,NULL),(241,'清洗包装','#00ff00','11 ',8000,13.6,0,NULL),(242,'混料','#ffffff','1 ',7903,7.6,0,NULL),(243,'成形','#c0c0c0','2 ',1500,12.2,0,NULL),(244,'烧结','#ff00ff','3 ',1200,15.5,0,NULL),(245,'整形','#ff99cc','4 ',1000,12.2,0,NULL),(246,'刷外齿毛刺','#ff9900','5 ',3000,6.8,0,NULL),(247,'车端面','#0000ff','6 ',1000,10.6,0,NULL),(248,'车内孔','#0000ff','7 ',500,10.6,0,NULL),(249,'焊接','#00ccff','8 ',2000,13.95,0,NULL),(250,'车感应销','#0000ff','9 ',400,13.95,0,NULL),(251,'探伤','#cc99ff','10 ',3000,11,0,NULL),(252,'清洗','#00ff00','11 ',4000,6.8,0,NULL),(253,'烘干','#010000','12 ',3000,6.8,0,NULL),(254,'蒸汽处理','#010000','13 ',800,11,0,NULL),(255,'整内孔','#ff99cc','14 ',1000,11,0,NULL),(256,'全检感应销高度','#008000','15 ',3000,6.5,0,NULL),(257,'全检内孔','#008000','16 ',3000,6.5,0,NULL),(258,'全检外观','#008000','17 ',3000,6.5,0,NULL),(259,'清洗','#00ff00','18 ',4000,6.8,0,NULL),(260,'包装','#00ff00','19 ',5000,13.6,0,NULL),(261,'混料','#ffffff','1 ',7903,7.6,0,NULL),(262,'成形','#c0c0c0','2 ',1500,12.2,0,NULL),(263,'烧结','#ff00ff','3 ',1200,15.5,0,NULL),(264,'整形','#ff99cc','4 ',1000,12.2,0,NULL),(265,'刷外齿毛刺','#ff9900','5 ',3000,6.8,0,NULL),(266,'车端面','#0000ff','6 ',1000,10.6,0,NULL),(267,'车内孔','#0000ff','7 ',500,10.6,0,NULL),(268,'焊接','#00ccff','8 ',2000,13.95,0,NULL),(269,'车感应销','#0000ff','9 ',400,13.95,0,NULL),(270,'探伤','#cc99ff','10 ',3000,11,0,NULL),(271,'清洗','#00ff00','11 ',4000,6.8,0,NULL),(272,'烘干','#010000','12 ',3000,6.8,0,NULL),(273,'蒸汽处理','#010000','13 ',800,11,0,NULL),(274,'整内孔','#ff99cc','14 ',1000,11,0,NULL),(275,'全检感应销高度','#008000','15 ',3000,6.5,0,NULL),(276,'全检内孔','#008000','16 ',3000,6.5,0,NULL),(277,'全检外观','#008000','17 ',3000,6.5,0,NULL),(278,'清洗','#00ff00','18 ',4000,6.8,0,NULL),(279,'包装','#00ff00','19 ',5000,13.6,0,NULL),(280,'混料','#ffffff','1 ',7903,7.6,0,NULL),(281,'成形','#c0c0c0','2 ',1500,12.2,0,NULL),(282,'烧结','#ff00ff','3 ',1200,15.5,0,NULL),(283,'整形','#ff99cc','4 ',1000,12.2,0,NULL),(284,'刷外齿毛刺','#ff9900','5 ',3000,6.8,0,NULL),(285,'车端面','#0000ff','6 ',1000,10.6,0,NULL),(286,'车内孔','#0000ff','7 ',500,10.6,0,NULL),(287,'焊接','#00ccff','8 ',2000,13.95,0,NULL),(288,'车感应销','#0000ff','9 ',400,13.95,0,NULL),(289,'探伤','#cc99ff','10 ',3000,11,0,NULL),(290,'清洗','#00ff00','11 ',4000,6.8,0,NULL),(291,'烘干','#010000','12 ',3000,6.8,0,NULL),(292,'蒸汽处理','#010000','13 ',800,11,0,NULL),(293,'整内孔','#ff99cc','14 ',1000,11,0,NULL),(294,'全检感应销高度','#008000','15 ',3000,6.5,0,NULL),(295,'全检内孔','#008000','16 ',3000,6.5,0,NULL),(296,'全检外观','#008000','17 ',3000,6.5,0,NULL),(297,'清洗','#00ff00','18 ',4000,6.8,0,NULL),(298,'包装','#00ff00','19 ',5000,13.6,0,NULL),(299,'混料','#ffffff','1 ',7903,7.6,0,NULL),(300,'成形','#c0c0c0','2 ',1500,12.2,0,NULL),(301,'烧结','#ff00ff','3 ',1200,15.5,0,NULL),(302,'整形','#ff99cc','4 ',1000,12.2,0,NULL),(303,'刷外齿毛刺','#ff9900','5 ',3000,6.8,0,NULL),(304,'车端面','#0000ff','6 ',1000,10.6,0,NULL),(305,'车内孔','#0000ff','7 ',500,10.6,0,NULL),(306,'焊接','#00ccff','8 ',2000,13.95,0,NULL),(307,'车感应销','#0000ff','9 ',400,13.95,0,NULL),(308,'探伤','#cc99ff','10 ',3000,11,0,NULL),(309,'清洗','#00ff00','11 ',4000,6.8,0,NULL),(310,'烘干','#010000','12 ',3000,6.8,0,NULL),(311,'蒸汽处理','#010000','13 ',800,11,0,NULL),(312,'整内孔','#ff99cc','14 ',1000,11,0,NULL),(313,'全检感应销高度','#008000','15 ',3000,6.5,0,NULL),(314,'全检内孔','#008000','16 ',3000,6.5,0,NULL),(315,'全检外观','#008000','17 ',3000,6.5,0,NULL),(316,'清洗','#00ff00','18 ',4000,6.8,0,NULL),(317,'包装','#00ff00','19 ',5000,13.6,0,NULL),(318,'混料','#ffffff','1 ',29683,7.6,0,NULL),(319,'压制','#c0c0c0','2 ',2000,12.2,0,NULL),(320,'烧结','#ff00ff','3 ',4000,15.5,0,NULL),(321,'整形','#ff99cc','4 ',1500,11,0,NULL),(322,'车加工','#0000ff','5 ',500,34.375,0,NULL),(323,'去内花键毛刺','#ff99cc','6 ',1500,8.4,0,NULL),(324,'去外齿毛刺','#ff9900','7 ',6000,8.4,0,NULL),(325,'高频淬火','#993366','8 ',4000,11,0,NULL),(326,'磨端面','#0000ff','9 ',2000,9,0,NULL),(327,'车端面','#0000ff','10 ',-1,0,0,NULL),(328,'抛丸','#ff9900','11 ',500,8.75,0,NULL),(329,'探伤','#cc99ff','12 ',4000,11,0,NULL),(330,'清洗','#00ff00','13 ',16000,13.6,0,NULL),(331,'包装','#00ff00','14 ',16000,13.6,0,NULL),(332,'混料','#ffffff','1 ',1077441,7.6,0,NULL),(333,'压制','#c0c0c0','2 ',2000,12.2,0,NULL),(334,'烧结','#ff00ff','3 ',1600,15.5,0,NULL),(335,'整外齿','#ff99cc','4 ',2000,12.2,0,NULL),(336,'车加工','#0000ff','5 ',1200,10.6,0,NULL),(337,'刷毛刺','#ff9900','6 ',3000,6.8,0,NULL),(338,'整内孔','#ff99cc','7 ',2500,11,0,NULL),(339,'探伤','#cc99ff','8 ',4000,11,0,NULL),(340,'除油','#010000','9 ',3000,11,0,NULL),(341,'抛丸','#ff9900','10 ',500,15.625,0,NULL),(342,'蒸汽处理','#010000','11 ',2500,11,0,NULL),(343,'检外观','#008000','12 ',3000,6.5,0,NULL),(344,'全检内孔、键槽','#008000','13 ',3000,6.5,0,NULL),(345,'包装','#00ff00','14 ',8000,13.6,0,NULL),(346,'混料','#ffffff','1 ',18500,7.6,0,NULL),(347,'压制','#c0c0c0','2 ',1800,24.4,0,NULL),(348,'烧结','#ff00ff','3 ',5000,15.5,0,NULL),(349,'整外齿','#ff99cc','4 ',1800,11,0,NULL),(350,'整键槽','#ff99cc','4 ',1800,11,0,NULL),(351,'车A端面','#0000ff','5 ',400,11,0,NULL),(352,'车B端面','#0000ff','6 ',400,11,0,NULL),(353,'高频淬火','#993366','7 ',5000,11,0,NULL),(354,'光饰','#ff9900','8 ',500,8,0,NULL),(355,'车内孔','#0000ff','9 ',300,11,0,NULL),(356,'全探伤','#cc99ff','10 ',5000,11,0,NULL),(357,'全选外观','#008000','11 ',2500,24,0,NULL),(358,'成检（键槽、内孔）','#008000','12 ',2000,24,0,NULL),(359,'GP12外观','#008000','13 ',3000,16,0,NULL),(360,'清洗','#00ff00','14 ',5000,24,0,NULL),(361,'包装','#00ff00','15 ',5000,16,0,NULL),(362,'混料','#ffffff','1 ',28852,7.6,0,NULL),(363,'压制','#c0c0c0','2 ',2000,12.2,0,NULL),(364,'烧结','#ff00ff','3 ',4000,15.5,0,NULL),(365,'滑孔','#0000ff','4 ',2000,8.4,0,NULL),(366,'整形','#ff99cc','5 ',1500,11,0,NULL),(367,'车台阶','#0000ff','6 ',1000,10.6,0,NULL),(368,'除油','#010000','7 ',6000,11,0,NULL),(369,'蒸汽处理','#010000','8 ',4000,11,0,NULL),(370,'钻孔','#0000ff','9 ',850,9,0,NULL),(371,'攻丝','#0000ff','10 ',750,9,0,NULL),(372,'装开口销','#0000ff','11 ',850,8.4,0,NULL),(373,'检内孔','#008000','12 ',1500,6.5,0,NULL),(374,'检外观、刻标记','#008000','13 ',3000,6.5,0,NULL),(375,'出厂检验','#99cc00','14 ',-1,10.6,0,NULL),(376,'清洗包装','#00ff00','15 ',5000,13.6,0,NULL),(377,'混料','#ffffff','1 ',10184,7.6,0,NULL),(378,'压制','#c0c0c0','2 ',2000,12.2,0,NULL),(379,'烧结','#ff00ff','3 ',2000,15.5,0,NULL),(380,'整形','#ff99cc','4 ',1500,11,0,NULL),(381,'刷外齿毛刺','#ff9900','5 ',4000,8.4,0,NULL),(382,'车加工I','#0000ff','6 ',600,9,0,NULL),(383,'车加工II','#0000ff','7 ',600,9,0,NULL),(384,'探伤','#cc99ff','8 ',4000,11,0,NULL),(385,'全检外观','#008000','9 ',3000,7.6,0,NULL),(386,'出厂检验','#99cc00','10 ',1500,7.6,0,NULL),(387,'清洗包装','#00ff00','11 ',8000,13.6,0,NULL),(388,'混料','#ffffff','1 ',13820,7.6,0,NULL),(389,'成形','#c0c0c0','2 ',2000,12.2,0,NULL),(390,'烧结','#ff00ff','3 ',2000,15.5,0,NULL),(391,'整形','#ff99cc','4 ',1200,12.2,0,NULL),(392,'车端面','#0000ff','5 ',1000,10.6,0,NULL),(393,'车成孔','#0000ff','6 ',800,10.6,0,NULL),(394,'车内孔','#0000ff','7 ',400,10.6,0,NULL),(395,'刷外齿毛刺','#ff9900','8 ',4000,6.8,0,NULL),(396,'全检外观','#008000','9 ',3000,6.5,0,NULL),(397,'清洗','#00ff00','10 ',10000,13.6,0,NULL),(398,'包装','#00ff00','11 ',10000,13.6,0,NULL),(399,'混料','#ffffff','1 ',8769,7.6,0,NULL),(400,'成形','#c0c0c0','2 ',1600,12.2,0,NULL),(401,'烧结','#ff00ff','3 ',1500,15.5,0,NULL),(402,'整形','#ff99cc','4 ',1200,12.2,0,NULL),(403,'粗车A端面及沉孔','#0000ff','5 ',700,9,0,NULL),(404,'精车φ32','#0000ff','6 ',600,9,0,NULL),(405,'粗车锥孔','#0000ff','7 ',500,9,0,NULL),(406,'精车锥孔','#0000ff','8 ',400,9,0,NULL),(407,'整键槽','#ff99cc','9 ',1000,11,0,NULL),(408,'钻锥孔(4个)','#0000ff','10 ',500,9,0,NULL),(409,'钻5.1孔(4个)','#0000ff','11 ',300,9,0,NULL),(410,'钻φ9孔(2个)','#0000ff','12 ',600,9,0,NULL),(411,'攻丝(4)','#0000ff','13 ',400,8.4,0,NULL),(412,'探伤','#cc99ff','14 ',4000,11,0,NULL),(413,'清洗','#00ff00','15 ',4000,6.8,0,NULL),(414,'烘干','#010000','16 ',4000,6.8,0,NULL),(415,'蒸汽处理','#010000','17 ',1200,11,0,NULL),(416,'全检外观','#008000','18 ',3000,6.5,0,NULL),(417,'清洗','#00ff00','19 ',4000,6.8,0,NULL),(418,'包装','#00ff00','20 ',6000,13.6,0,NULL),(419,'混料','#ffffff','1 ',17369,7.6,0,NULL),(420,'压制','#c0c0c0','2 ',2000,12.2,0,NULL),(421,'烧结','#ff00ff','3 ',2500,15.5,0,NULL),(422,'整形','#ff99cc','4 ',1500,12.2,0,NULL),(423,'刷外齿毛刺','#ff9900','5 ',4000,6.8,0,NULL),(424,'车内孔','#0000ff','6 ',1000,9,0,NULL),(425,'车端面','#0000ff','7 ',1000,9,0,NULL),(426,'焊接','#00ccff','8 ',2000,75,0,NULL),(427,'车加工','#0000ff','9 ',600,9,0,NULL),(428,'探伤','#cc99ff','10 ',4000,11,0,NULL),(429,'除油','#010000','11 ',3500,11,0,NULL),(430,'抛丸','#ff9900','12 ',500,12.5,0,NULL),(431,'蒸汽处理','#010000','13 ',2600,11,0,NULL),(432,'全检外观','#008000','14 ',3000,6.5,0,NULL),(433,'出厂检验','#99cc00','15 ',-1,10.6,0,NULL),(434,'清洗包装','#00ff00','16 ',8000,13.6,0,NULL),(435,'混料','#ffffff','1 ',17697,7.6,0,NULL),(436,'压制','#c0c0c0','2 ',2000,12.2,0,NULL),(437,'烧结','#ff00ff','3 ',1600,15.5,0,NULL),(438,'整形','#ff99cc','4 ',1500,12.2,0,NULL),(439,'刷外齿毛刺','#ff9900','5 ',4000,6.8,0,NULL),(440,'车内孔','#0000ff','6 ',1000,9,0,NULL),(441,'车端面','#0000ff','7 ',1000,9,0,NULL),(442,'探伤','#cc99ff','10 ',3000,11,0,NULL),(443,'除油','#010000','11 ',3000,11,0,NULL),(444,'抛丸','#ff9900','12 ',500,12.5,0,NULL),(445,'蒸汽处理','#010000','13 ',2500,11,0,NULL),(446,'全检外观','#008000','14 ',3000,6.5,0,NULL),(447,'出厂检验','#99cc00','15 ',-1,10.6,0,NULL),(448,'清洗包装','#00ff00','16 ',8000,13.6,0,NULL),(449,'混料','#ffffff','1 ',14363,7.6,0,NULL),(450,'压制','#c0c0c0','2 ',2000,12.2,0,NULL),(451,'烧结','#ff00ff','3 ',2500,15.5,0,NULL),(452,'滑孔','#0000ff','4 ',2000,9,0,NULL),(453,'刷外齿毛刺','#ff9900','5 ',4000,6.8,0,NULL),(454,'整形','#ff99cc','6 ',2000,12.2,0,NULL),(455,'砂端面毛刺','#0000ff','7 ',3000,6.8,0,NULL),(456,'探伤','#cc99ff','8 ',4000,11,0,NULL),(457,'检外观、打标记','#008000','9 ',3000,6.5,0,NULL),(458,'出厂检验','#99cc00','10 ',-1,10.6,0,NULL),(459,'清洗包装','#00ff00','11 ',8000,13.6,0,NULL),(460,'混料','#ffffff','1 ',9959,7.6,0,NULL),(461,'压制','#c0c0c0','2 ',2000,12.2,0,NULL),(462,'烧结','#ff00ff','3 ',1800,15.5,0,NULL),(463,'整形','#ff99cc','4 ',1500,12.2,0,NULL),(464,'刷毛刺','#ff9900','5 ',4000,6.8,0,NULL),(465,'探伤','#cc99ff','6 ',4000,11,0,NULL),(466,'全检内孔','#008000','7 ',3000,6.5,0,NULL),(467,'清洗','#00ff00','8 ',12000,6.8,0,NULL),(468,'检外观','#008000','9 ',3000,6.5,0,NULL),(469,'探伤','#cc99ff','10 ',4000,11,0,NULL),(470,'清洗包装','#00ff00','11 ',8000,350,0,NULL),(471,'混料','#ffffff','1 ',25714,7.6,0,NULL),(472,'压制','#c0c0c0','2 ',2000,12.2,0,NULL),(473,'烧结','#ff00ff','3 ',8000,15.5,0,NULL),(474,'车加工','#0000ff','4 ',500,26.5625,0,NULL),(475,'整外齿','#ff99cc','5 ',1500,11,0,NULL),(476,'高频淬火+回火','#993366','6 ',4000,11,0,NULL),(477,'去毛刺','#ff9900','7 ',5000,6.8,0,NULL),(478,'磨平面','#0000ff','8 ',2500,9,0,NULL),(479,'铰孔\\滑孔','#0000ff','9 ',1200,8.4,0,NULL),(480,'混料','#ffffff','1 ',22021,7.6,0,NULL),(481,'压制','#c0c0c0','2 ',2000,12.2,0,NULL),(482,'烧结','#ff00ff','3 ',4000,15.5,0,NULL),(483,'整形','#ff99cc','4 ',1500,11,0,NULL),(484,'车直径29','#0000ff','5 ',1200,10.6,0,NULL),(485,'刷毛刺','#ff9900','6 ',6000,6.8,0,NULL),(486,'除油','#010000','7 ',6000,11,0,NULL),(487,'抛丸','#ff9900','8 ',500,11.25,0,NULL),(488,'蒸汽处理','#010000','9 ',4000,11,0,NULL),(489,'铰孔','#0000ff','10 ',1500,9,0,NULL),(490,'钻孔','#0000ff','11 ',2000,9,0,NULL),(491,'装销','#0000ff','12 ',3000,9,0,NULL),(492,'探伤','#cc99ff','13 ',-1,11,0,NULL),(493,'全检外观','#008000','14 ',3000,7.6,0,NULL),(494,'全检内孔','#99cc00','15 ',3000,7.6,0,NULL),(495,'清洗包装','#00ff00','16 ',8000,13.6,0,NULL),(496,'混料','#ffffff','1 ',7936,7.6,0,NULL),(497,'成形','#c0c0c0','2 ',1500,12.2,0,NULL),(498,'烧结','#ff00ff','3 ',1500,15.5,0,NULL),(499,'刷外齿毛刺','#ff9900','4 ',3000,6.8,0,NULL),(500,'整形','#ff99cc','5 ',1000,11,0,NULL),(501,'去键毛刺','#ff9900','6 ',600,6.1,0,NULL),(502,'车A端面','#0000ff','7 ',1000,9,0,NULL),(503,'车φ40','#0000ff','7 ',1000,9,0,NULL),(504,'倒内孔角','#0000ff','7 ',1000,9,0,NULL),(505,'攻丝','#0000ff','8 ',500,8.4,0,NULL),(506,'焊接档环','#00ccff','9 ',2000,9,0,NULL),(507,'清洗','#00ff00','11 ',4000,6.8,0,NULL),(508,'烘干','#010000','12 ',4000,6.8,0,NULL),(509,'蒸汽处理','#010000','13 ',800,11,0,NULL),(510,'理丝','#0000ff','14 ',500,10.6,0,NULL),(511,'全检外观','#008000','15 ',3000,6.5,0,NULL),(512,'清洗包装','#00ff00','16 ',5000,13.6,0,NULL),(513,'混料','#ffffff','1 ',14333,7.6,0,NULL),(514,'成形','#c0c0c0','2 ',2000,12.2,0,NULL),(515,'烧结','#ff00ff','3 ',2000,15.5,0,NULL),(516,'整形','#ff99cc','4 ',1200,12.2,0,NULL),(517,'精车内孔I','#0000ff','5 ',600,9,0,NULL),(518,'探伤','#cc99ff','6 ',4000,11,0,NULL),(519,'清洗','#00ff00','7 ',6000,6.8,0,NULL),(520,'全检外观','#008000','8 ',3000,6.5,0,NULL),(521,'包装','#00ff00','9 ',8000,13.6,0,NULL),(522,'混料','#ffffff','1 ',41298,7.6,0,NULL),(523,'压制','#c0c0c0','2 ',2000,11,0,NULL),(524,'烧结','#ff00ff','3 ',5000,15.5,0,NULL),(525,'打油槽毛刺','#ff9900','4 ',1500,6.1,0,NULL),(526,'整形','#ff99cc','5 ',1500,11,0,NULL),(527,'车加工','#0000ff','6 ',500,37.5,0,NULL),(528,'去内花键毛刺','#ff99cc','7 ',1500,11,0,NULL),(529,'去外齿毛刺','#ff9900','8 ',6000,8.4,0,NULL),(530,'打标识','#0000ff','9 ',6000,6.8,0,NULL),(531,'渗碳淬火','#993366','10 ',6000,11,0,NULL),(532,'砂端面毛刺','#0000ff','11 ',3000,8.4,0,NULL),(533,'抛丸','#ff9900','12 ',500,6.25,0,NULL),(534,'打标记','#ff9900','13 ',3000,6.5,0,NULL),(535,'成检','#008000','14 ',1500,6.5,0,NULL),(536,'探伤','#cc99ff','15 ',4000,11,0,NULL),(537,'清洗','#00ff00','16 ',16000,13.6,0,NULL),(538,'包装','#00ff00','17 ',16000,13.6,0,NULL),(539,'混料','#ffffff','1',41299,7.6,0,NULL),(540,'压制','#c0c0c0','2',2000,12.2,0,NULL),(541,'烧结','#ff00ff','3',5000,15.5,0,NULL),(542,'打油槽毛刺','#ff9900','4',1500,6.1,0,NULL),(543,'整   形','#ff99cc','5',1500,11,0,NULL),(544,'车加工','#0000ff','6',500,31.25,0,NULL),(545,'钻  孔','#0000ff','7',1200,9,0,NULL),(546,'去键槽毛刺','#ff9900','8',1500,6.1,0,NULL),(547,'去内花键毛刺','#ff99cc','9',1500,11,0,NULL),(548,'刷外齿毛刺','#ff9900','10',6000,8.4,0,NULL),(549,'打标识','#0000ff','11',6000,6.8,0,NULL),(550,'渗碳淬火','#993366','12',6000,11,0,NULL),(551,'砂端面毛刺','#0000ff','13',3000,8.4,0,NULL),(552,'抛丸','#ff9900','14',500,6.25,0,NULL),(553,'探伤','#cc99ff','15',4000,11,0,NULL),(554,'清洗、浸油、包装','#00ff00','16',-1,13.6,0,NULL),(555,'成品检验','#008000','17',-1,0,0,NULL),(556,'清洗包装','#00ff00','18',8000,13.6,0,NULL),(557,'混料','#ffffff','1 ',28000,7.6,0,NULL),(558,'压制','#c0c0c0','2 ',2000,12.2,0,NULL),(559,'烧结','#ff00ff','3 ',4000,15.5,0,NULL),(560,'去油槽毛刺','#ff9900','4 ',1500,6.1,0,NULL),(561,'整形','#ff99cc','5 ',1500,11,0,NULL),(562,'车加工','#0000ff','6 ',500,31.25,0,NULL),(563,'钻孔','#0000ff','7 ',1200,9,0,NULL),(564,'去键槽毛刺','#ff9900','8 ',1500,6.1,0,NULL),(565,'去内花键毛刺','#ff99cc','9 ',1500,11,0,NULL),(566,'去外齿毛刺','#ff99cc','10 ',6000,8.4,0,NULL),(567,'打标识','#0000ff','11 ',6000,6.8,0,NULL),(568,'渗碳淬火','#993366','12 ',5000,11,0,NULL),(569,'砂端面毛刺','#0000ff','13 ',3000,8.4,0,NULL),(570,'抛丸','#ff9900','14 ',500,9.375,0,NULL),(571,'工序检验','#008000','15 ',3000,7.6,0,NULL),(572,'探伤','#cc99ff','16 ',4000,11,0,NULL),(573,'成检','#99cc00','17 ',1500,7.6,0,NULL),(574,'清洗、浸油、包装','#00ff00','18 ',16000,13.6,0,NULL),(575,'打包入库','#00ff00','19 ',16000,13.6,0,NULL),(576,'混料','#ffffff','1',42405,7.6,0,NULL),(577,'压制','#c0c0c0','2',2000,12.2,0,NULL),(578,'烧结','#ff00ff','3',5000,15.5,0,NULL),(579,'打油槽毛刺','#ff9900','4',1500,6.1,0,NULL),(580,'整   形','#ff99cc','5',1500,11,0,NULL),(581,'车加工','#0000ff','6',500,31.25,0,NULL),(582,'去键槽毛刺','#ff9900','7',1500,6.1,0,NULL),(583,'去内花键毛刺','#ff99cc','8',1500,9,0,NULL),(584,'刷外齿毛刺','#ff9900','9',6000,6.8,0,NULL),(585,'打标识','#0000ff','10',6000,6.8,0,NULL),(586,'渗碳淬火','#993366','11',6000,11,0,NULL),(587,'砂端面毛刺','#0000ff','12',3000,8.4,0,NULL),(588,'抛丸','#ff9900','13',500,7.5,0,NULL),(589,'磨外圆','#0000ff','14',500,9,0,NULL),(590,'探伤','#cc99ff','15',4000,11,0,NULL),(591,'清洗、浸油、包装','#00ff00','16',-1,13.6,0,NULL),(592,'成检','#99cc00','17',1500,6.5,0,NULL),(593,'清洗包装','#00ff00','18',8000,13.6,0,NULL),(594,'混料','#ffffff','1 ',52770,7.6,0,NULL),(595,'压制','#c0c0c0','2 ',2000,11,0,NULL),(596,'烧结','#ff00ff','3 ',5000,15.5,0,NULL),(597,'打油槽毛刺','#ff9900','4 ',1500,6.1,0,NULL),(598,'整形','#ff99cc','5 ',1500,11,0,NULL),(599,'车加工','#0000ff','6 ',500,41.25,0,NULL),(600,'去内花键毛刺','#ff99cc','7 ',1500,11,0,NULL),(601,'去外齿毛刺','#ff9900','8 ',6000,8.4,0,NULL),(602,'钻孔','#0000ff','9 ',1200,8.4,0,NULL),(603,'渗碳淬火','#993366','10 ',6000,11,0,NULL),(604,'高频淬火','#993366','11 ',4000,11,0,NULL),(605,'砂端面毛刺','#0000ff','12 ',3000,8.4,0,NULL),(606,'抛丸','#ff9900','13 ',500,5,0,NULL),(607,'打标记','#ff9900','14 ',3000,6.5,0,NULL),(608,'成检','#008000','15 ',1500,7.6,0,NULL),(609,'探伤','#cc99ff','16 ',4000,11,0,NULL),(610,'清洗','#00ff00','17 ',16000,13.6,0,NULL),(611,'包装','#00ff00','18 ',16000,13.6,0,NULL),(612,'混料','#ffffff','1 ',62000,7.6,0,NULL),(613,'压制','#c0c0c0','2 ',2000,11,0,NULL),(614,'烧结','#ff00ff','3 ',6000,15.5,0,NULL),(615,'去油槽毛刺','#ff9900','4 ',1500,6.1,0,NULL),(616,'整形','#ff99cc','5 ',1500,11,0,NULL),(617,'车加工','#0000ff','6 ',500,41.25,0,NULL),(618,'去键槽毛刺','#ff9900','7 ',2000,6.1,0,NULL),(619,'去内花键毛刺','#ff99cc','8 ',1500,8.4,0,NULL),(620,'去外齿毛刺','#ff99cc','9 ',6000,8.4,0,NULL),(621,'渗碳淬火','#993366','10 ',6000,11,0,NULL),(622,'砂端面毛刺','#0000ff','11 ',3000,8.4,0,NULL),(623,'抛丸','#ff9900','12 ',500,4.375,0,NULL),(624,'工序检验','#008000','13 ',1500,7.6,0,NULL),(625,'探伤','#cc99ff','14 ',4000,11,0,NULL),(626,'成检','#99cc00','15 ',1500,7.6,0,NULL),(627,'清洗、浸油','#00ff00','16 ',16000,13.6,0,NULL),(628,'包装入库','#00ff00','17 ',16000,13.6,0,NULL),(629,'混料','#ffffff','1 ',25300,7.6,0,NULL),(630,'压制','#c0c0c0','2 ',2000,12.2,0,NULL),(631,'烧结','#ff00ff','3 ',4000,15.5,0,NULL),(632,'去油槽毛刺','#ff9900','4 ',1500,6.1,0,NULL),(633,'整形','#ff99cc','5 ',1500,11,0,NULL),(634,'车加工','#0000ff','6 ',500,31.25,0,NULL),(635,'钻孔','#0000ff','7 ',1200,9,0,NULL),(636,'去键槽毛刺','#ff9900','8 ',1500,6.1,0,NULL),(637,'去内花键毛刺','#ff99cc','9 ',1500,11,0,NULL),(638,'去外齿毛刺','#ff99cc','10 ',6000,8.4,0,NULL),(639,'打标识','#ffff00','11 ',6000,6.8,0,NULL),(640,'渗碳淬火','#993366','12 ',4000,11,0,NULL),(641,'砂端面毛刺','#0000ff','13 ',3000,8.4,0,NULL),(642,'抛丸','#ff9900','14 ',500,12.5,0,NULL),(643,'工序检验','#008000','15 ',3000,7.6,0,NULL),(644,'探伤','#cc99ff','16 ',4000,11,0,NULL),(645,'成检','#99cc00','17 ',1500,7.6,0,NULL),(646,'清洗、浸油','#00ff00','18 ',16000,13.6,0,NULL),(647,'包装入库','#00ff00','19 ',16000,13.6,0,NULL),(648,'混料','#ffffff','1 ',31000,7.6,0,NULL),(649,'压制','#c0c0c0','2 ',2000,12.2,0,NULL),(650,'烧结','#ff00ff','3 ',5000,15.5,0,NULL),(651,'去油槽毛刺','#ff9900','4 ',1500,6.1,0,NULL),(652,'整形','#ff99cc','5 ',1500,11,0,NULL),(653,'车加工','#0000ff','6 ',500,31.25,0,NULL),(654,'钻孔','#0000ff','7 ',1200,9,0,NULL),(655,'去键槽毛刺','#ff99cc','8 ',1500,6.1,0,NULL),(656,'去内花键毛刺','#ff99cc','9 ',1500,11,0,NULL),(657,'去外齿毛刺','#ff9900','10 ',6000,8.4,0,NULL),(658,'打标识','#ffff00','11 ',6000,6.8,0,NULL),(659,'渗碳淬火','#993366','12 ',5000,11,0,NULL),(660,'砂端面毛刺','#0000ff','13 ',3000,8.4,0,NULL),(661,'抛丸','#ff9900','14 ',500,9.375,0,NULL),(662,'工序检验','#008000','15 ',3000,7.6,0,NULL),(663,'探伤','#cc99ff','16 ',4000,11,0,NULL),(664,'成检','#008000','17 ',1500,7.6,0,NULL),(665,'清洗、浸油','#00ff00','18 ',16000,13.6,0,NULL),(666,'包装入库','#00ff00','19 ',16000,13.6,0,NULL),(667,'混料','#ffffff','1',38694,7.6,0,NULL),(668,'压制','#c0c0c0','2',1800,24.4,0,NULL),(669,'烧结','#ff00ff','3',4000,15.5,0,NULL),(670,'打油槽毛刺','#0000ff','4',1200,6.1,0,NULL),(671,'整   形','#ff99cc','5',1200,11,0,NULL),(672,'车基面','#0000ff','6',1000,9,0,NULL),(673,'精车A','#0000ff','7',800,9,0,NULL),(674,'精车B','#0000ff','8',800,9,0,NULL),(675,'去键槽毛刺','#0000ff','9',1000,6.1,0,NULL),(676,'整内花键毛刺','#ff99cc','10',1800,11,0,NULL),(677,'整外齿毛刺','#ff99cc','11',1800,11,0,NULL),(678,'渗碳淬火','#993366','12',3000,11,0,NULL),(679,'砂端面毛刺','#0000ff','13',2000,8.4,0,NULL),(680,'抛丸','#ff9900','14',500,12.5,0,NULL),(681,'探伤','#cc99ff','15',4000,11,0,NULL),(682,'清洗、浸油、包装','#00ff00','16',-1,13.6,0,NULL),(683,'成检','#008000','17',1500,21.2,0,NULL),(684,'清洗包装','#00ff00','18',6000,27.2,0,NULL),(685,'混料','#ffffff','1',38694,7.6,0,NULL),(686,'压制','#c0c0c0','2',1800,24.4,0,NULL),(687,'烧结','#ff00ff','3',4000,15.5,0,NULL),(688,'打油槽毛刺','#0000ff','4',600,6.1,0,NULL),(689,'整   形','#ff99cc','5',1200,11,0,NULL),(690,'车基面','#0000ff','6',1000,9,0,NULL),(691,'精车A','#0000ff','7',800,9,0,NULL),(692,'精车B','#0000ff','8',800,9,0,NULL),(693,'去键槽毛刺','#0000ff','9',1000,6.1,0,NULL),(694,'整内花键毛刺','#ff99cc','10',1800,11,0,NULL),(695,'整外齿毛刺','#ff99cc','11',1800,11,0,NULL),(696,'渗碳淬火','#993366','12',4000,11,0,NULL),(697,'砂端面毛刺','#0000ff','13',2000,8.4,0,NULL),(698,'抛丸','#ff9900','14',500,12.5,0,NULL),(699,'探伤','#cc99ff','15',4000,11,0,NULL),(700,'清洗、浸油、包装','#00ff00','16',-1,13.6,0,NULL),(701,'成检','#008000','17',1500,21.2,0,NULL),(702,'清洗包装','#00ff00','18',6000,26.6,0,NULL),(703,'混料','#ffffff','1',38694,7.6,0,NULL),(704,'压制','#c0c0c0','2',1800,24.4,0,NULL),(705,'烧结','#ff00ff','3',5000,15.5,0,NULL),(706,'打油槽毛刺','#0000ff','4',600,6.1,0,NULL),(707,'整   形','#ff99cc','5',1200,11,0,NULL),(708,'车基面','#0000ff','6',1000,9,0,NULL),(709,'精车A','#0000ff','7',800,9,0,NULL),(710,'精车B','#0000ff','8',800,9,0,NULL),(711,'去键槽毛刺','#0000ff','9',1000,6.1,0,NULL),(712,'去内花键毛刺','#ff99cc','10',1800,11,0,NULL),(713,'整外齿毛刺','#ff99cc','11',1800,11,0,NULL),(714,'渗碳淬火','#993366','12',4000,11,0,NULL),(715,'砂端面毛刺','#0000ff','13',1500,8.4,0,NULL),(716,'抛丸','#ff9900','14',500,12.5,0,NULL),(717,'探伤','#cc99ff','15',4000,11,0,NULL),(718,'清洗、浸油、包装','#00ff00','16',-1,13.6,0,NULL),(719,'成检','#008000','17',1500,21.2,0,NULL),(720,'清洗包装','#00ff00','18',6000,26.6,0,NULL),(721,'混料','#ffffff','1 ',13000,7.6,0,NULL),(722,'压制','#c0c0c0','2 ',1800,24.4,0,NULL),(723,'烧结','#ff00ff','3 ',4500,18,0,NULL),(724,'去油槽毛刺','#ff9900','4 ',1200,7.6,0,NULL),(725,'整形','#ff99cc','5 ',1000,12.2,0,NULL),(726,'车端面、环槽、倒角','#0000ff','6 ',400,9,0,NULL),(727,'精车端面','#0000ff','7 ',500,9,0,NULL),(728,'去键槽毛刺','#ff99cc','8 ',800,6.1,0,NULL),(729,'刷外齿毛刺','#ff9900','9 ',2000,8.4,0,NULL),(730,'去内齿毛刺','#ff99cc','10 ',1200,8.4,0,NULL),(731,'高频淬火','#993366','11 ',3000,11,0,NULL),(732,'回火','#993366','12 ',3000,33,0,NULL),(733,'砂端面毛刺','#0000ff','13 ',1500,7.6,0,NULL),(734,'抛丸','#ff9900','14 ',10000,400,0,NULL),(735,'磨外圆','#0000ff','15 ',350,9,0,NULL),(736,'探伤','#cc99ff','16 ',4000,11,0,NULL),(737,'全检','#008000','17 ',1500,21.2,0,NULL),(738,'清洗、浸油、包装','#00ff00','18 ',5000,20.4,0,NULL),(739,'成检','#99cc00','19 ',-1,11,0,NULL),(740,'打包入库','#00ff00','20 ',5000,6.5,0,NULL),(741,'混料','#ffffff','1 ',10000,7.6,0,NULL),(742,'压制','#c0c0c0','2 ',1800,24.4,0,NULL),(743,'烧结','#ff00ff','3 ',4200,18,0,NULL),(744,'去油槽毛刺','#ff9900','4 ',1200,7.6,0,NULL),(745,'整形','#ff99cc','5 ',1000,12.2,0,NULL),(746,'车端面、环槽、倒角','#0000ff','6 ',400,9,0,NULL),(747,'精车端面','#0000ff','7 ',500,9,0,NULL),(748,'去键槽毛刺','#ff99cc','8 ',800,6.1,0,NULL),(749,'刷外齿毛刺','#ff9900','9 ',2000,8.4,0,NULL),(750,'去内齿毛刺','#ff99cc','10 ',1200,8.4,0,NULL),(751,'高频淬火','#993366','11 ',3000,11,0,NULL),(752,'回火','#993366','12 ',3000,33,0,NULL),(753,'抛丸','#ff9900','14 ',10000,512.5,0,NULL),(754,'磨外圆','#0000ff','15 ',350,9,0,NULL),(755,'探伤','#cc99ff','16 ',4000,11,0,NULL),(756,'全检','#008000','17 ',1500,21.2,0,NULL),(757,'清洗、浸油、包装','#00ff00','18 ',5000,20.4,0,NULL),(758,'成检','#99cc00','19 ',-1,11,0,NULL),(759,'打包入库','#00ff00','20 ',5000,6.5,0,NULL),(760,'混料','#ffffff','1 ',8500,7.6,0,NULL),(761,'压制','#c0c0c0','2 ',1800,24.4,0,NULL),(762,'烧结','#ff00ff','3 ',3750,18,0,NULL),(763,'去油槽毛刺','#ff9900','4 ',1200,7.6,0,NULL),(764,'整形','#ff99cc','5 ',1000,12.2,0,NULL),(765,'车端面、环槽、倒角','#0000ff','6 ',400,9,0,NULL),(766,'精车端面','#0000ff','7 ',500,9,0,NULL),(767,'去键槽毛刺','#ff99cc','8 ',800,6.1,0,NULL),(768,'刷外齿毛刺','#ff9900','9 ',2000,8.4,0,NULL),(769,'去内齿毛刺','#ff99cc','10 ',1200,8.4,0,NULL),(770,'高频淬火','#993366','11 ',3000,11,0,NULL),(771,'回火','#993366','12 ',3000,33,0,NULL),(772,'抛丸','#ff9900','14 ',10000,600,0,NULL),(773,'磨外圆','#0000ff','15 ',350,9,0,NULL),(774,'探伤','#cc99ff','16 ',4000,11,0,NULL),(775,'全检','#008000','17 ',1500,21.2,0,NULL),(776,'清洗、浸油、包装','#00ff00','18 ',5000,20.4,0,NULL),(777,'成检','#99cc00','19 ',-1,11,0,NULL),(778,'打包入库','#00ff00','20 ',5000,6.5,0,NULL),(779,'混料','#ffffff','1 ',18672,7.6,0,NULL),(780,'初压','#c0c0c0','2 ',2000,12.2,0,NULL),(781,'烧结','#ff00ff','3 ',3000,15.5,0,NULL),(782,'整形','#ff99cc','4 ',1200,12.2,0,NULL),(783,'车加工一','#0000ff','5 ',400,10.6,0,NULL),(784,'车加工二','#0000ff','6 ',400,10.6,0,NULL),(785,'刷毛刺','#ff9900','7 ',3000,8.4,0,NULL),(786,'检内孔','#ff9900','8 ',3000,10.6,0,NULL),(787,'钻孔','#0000ff','9 ',120,8.4,0,NULL),(788,'攻丝','#0000ff','10 ',120,8.4,0,NULL),(789,'焊接','#00ccff','11 ',300,11,0,NULL),(790,'除油','#010000','12 ',2000,11,0,NULL),(791,'抛丸','#ff9900','13 ',500,19.375,0,NULL),(792,'蒸汽处理','#010000','14 ',1500,11,0,NULL),(793,'探伤','#cc99ff','15',4000,11,0,NULL),(794,'检外观、塞孔','#008000','16 ',3000,6.5,0,NULL),(795,'清洗包装','#00ff00','17 ',8000,13.6,0,NULL),(796,'混料','#ffffff','1 ',12659,7.6,0,NULL),(797,'压制','#c0c0c0','2 ',2000,12.2,0,NULL),(798,'烧结','#ff00ff','3 ',2000,15.5,0,NULL),(799,'整外圆','#ff99cc','4 ',1500,12.2,0,NULL),(800,'粗车端面','#0000ff','5 ',1000,10.6,0,NULL),(801,'精车成孔','#0000ff','6 ',1000,10.6,0,NULL),(802,'刷毛刺','#ff9900','8 ',3000,6.8,0,NULL),(803,'探伤','#cc99ff','13 ',4000,11,0,NULL),(804,'除油','#010000','9 ',2500,11,0,NULL),(805,'抛丸','#ff9900','10 ',500,15.625,0,NULL),(806,'蒸汽处理','#010000','11 ',2000,11,0,NULL),(807,'全检内孔','#008000','12 ',3000,10.6,0,NULL),(808,'成检','#008000','13 ',3000,6.5,0,NULL),(809,'清洗包装','#00ff00','14 ',8000,13.6,0,NULL),(810,'混料','#ffffff','1 ',10500,7.6,0,NULL),(811,'压制','#c0c0c0','2 ',2000,24.4,0,NULL),(812,'烧结','#ff00ff','3 ',3000,18,0,NULL),(813,'整形','#ff99cc','4 ',1500,11,0,NULL),(814,'车基面','#0000ff','5 ',1000,9,0,NULL),(815,'车端面','#0000ff','6 ',1000,9,0,NULL),(816,'粗车AB','#0000ff','7 ',400,9,0,NULL),(817,'精车AB','#0000ff','8 ',400,9,0,NULL),(818,'钻孔','#0000ff','9 ',200,9,0,NULL),(819,'去键槽毛刺','#ff99cc','10 ',600,6.1,0,NULL),(820,'刷外齿毛刺','#ff9900','11 ',6000,16.8,0,NULL),(821,'去内齿毛刺','#ff99cc','12 ',1500,11,0,NULL),(822,'磨外圆','#0000ff','13 ',400,9,0,NULL),(823,'高频淬火','#993366','14 ',4000,11,0,NULL),(824,'回火','#993366','15 ',3000,22,0,NULL),(825,'砂端面毛刺','#0000ff','16 ',1500,8.4,0,NULL),(826,'打标识','#0000ff','17 ',6000,6.8,0,NULL),(827,'探伤','#cc99ff','18 ',4000,11,0,NULL),(828,'全检','#008000','19 ',2000,22.8,0,NULL),(829,'清洗、浸油、包装','#00ff00','20 ',15000,40.8,0,NULL),(830,'成检','#99cc00','21 ',-1,11,0,NULL),(831,'打包入库','#00ff00','22 ',5000,6.5,0,NULL),(832,'混料','#ffffff','1 ',10500,7.6,0,NULL),(833,'压制','#c0c0c0','2 ',2000,12.2,0,NULL),(834,'烧结','#ff00ff','3 ',3000,18,0,NULL),(835,'整形','#ff99cc','4 ',1500,12.2,0,NULL),(836,'车基面','#0000ff','5 ',1000,9,0,NULL),(837,'车端面','#0000ff','6 ',1000,9,0,NULL),(838,'粗车AB','#0000ff','7 ',400,9,0,NULL),(839,'精车AB','#0000ff','8 ',400,9,0,NULL),(840,'钻孔','#0000ff','9 ',200,9,0,NULL),(841,'磨外圆','#0000ff','10 ',400,9,0,NULL),(842,'高频淬火','#993366','11 ',4000,11,0,NULL),(843,'回火','#993366','12 ',3000,22,0,NULL),(844,'砂端面毛刺','#0000ff','13 ',1500,6.1,0,NULL),(845,'抛丸','#ff9900','14 ',1200,58.5,0,NULL),(846,'探伤','#cc99ff','15 ',4000,11,0,NULL),(847,'全检','#008000','16 ',2000,15.2,0,NULL),(848,'清洗、浸油、包装','#00ff00','17 ',15000,13.6,0,NULL),(849,'成检','#99cc00','18 ',-1,11,0,NULL),(850,'打包入库','#00ff00','19 ',5000,6.5,0,NULL),(851,'混料','#ffffff','1 ',11500,7.6,0,NULL),(852,'压制','#c0c0c0','2 ',2000,12.2,0,NULL),(853,'烧结','#ff00ff','3 ',4000,18,0,NULL),(854,'全整形','#ff99cc','4 ',1000,12.2,0,NULL),(855,'车基面','#0000ff','5 ',1200,9,0,NULL),(856,'车端面','#0000ff','6 ',1200,9,0,NULL),(857,'粗车A','#0000ff','7 ',300,9,0,NULL),(858,'精车AB','#0000ff','8 ',300,9,0,NULL),(859,'精车卡环槽、消气槽','#0000ff','9 ',500,13.3,0,NULL),(860,'倒内外角','#0000ff','10 ',800,9,0,NULL),(861,'去内齿毛刺','#ff99cc','11 ',1500,8.4,0,NULL),(862,'钻筋板孔','#0000ff','12 ',800,9,0,NULL),(863,'攻丝','#0000ff','13 ',800,9,0,NULL),(864,'钻内台阶孔','#0000ff','14 ',600,9,0,NULL),(865,'铣槽','#0000ff','15 ',400,13.3,0,NULL),(866,'高频淬火','#993366','16 ',4000,11,0,NULL),(867,'回火','#993366','17 ',4000,22,0,NULL),(868,'砂端面毛刺','#0000ff','18 ',1500,6.1,0,NULL),(869,'抛丸','#ff9900','19 ',1200,58.5,0,NULL),(870,'探伤','#cc99ff','20 ',4000,11,0,NULL),(871,'全检','#008000','21 ',2000,15.2,0,NULL),(872,'清洗、浸油、包装','#00ff00','22 ',15000,13.6,0,NULL),(873,'成检','#99cc00','23 ',-1,11,0,NULL),(874,'打包入库','#00ff00','24 ',5000,6.5,0,NULL),(875,'混料','#ffffff','1 ',10500,7.6,0,NULL),(876,'压制','#c0c0c0','2 ',2000,12.2,0,NULL),(877,'烧结','#ff00ff','3 ',3000,18,0,NULL),(878,'整形','#ff99cc','4 ',1500,12.2,0,NULL),(879,'车基面','#0000ff','5 ',1200,9,0,NULL),(880,'车端面','#0000ff','6 ',1200,9,0,NULL),(881,'精车AB','#0000ff','7 ',400,9,0,NULL),(882,'车环槽','#0000ff','8 ',800,9,0,NULL),(883,'钻孔','#0000ff','9 ',200,9,0,NULL),(884,'磨外圆','#0000ff','10 ',400,9,0,NULL),(885,'高频淬火','#993366','11 ',4000,11,0,NULL),(886,'回火','#993366','12 ',4000,22,0,NULL),(887,'砂端面毛刺','#0000ff','13 ',1500,6.1,0,NULL),(888,'抛丸','#ff9900','14 ',1200,84,0,NULL),(889,'磷化处理','#010000','15 ',3000,1125,0,NULL),(890,'探伤','#cc99ff','16 ',3000,11,0,NULL),(891,'全检','#008000','17 ',2000,15.2,0,NULL),(892,'清洗、浸油、包装','#00ff00','18 ',15000,13.6,0,NULL),(893,'成检','#99cc00','19 ',-1,11,0,NULL),(894,'打包入库','#00ff00','20 ',6000,6.5,0,NULL),(895,'混料','#ffffff','1 ',35000,7.6,0,NULL),(896,'压制','#c0c0c0','2 ',2400,24.4,0,NULL),(897,'烧结','#ff00ff','3 ',6000,15.5,0,NULL),(898,'整形','#ff99cc','4 ',2000,11,0,NULL),(899,'光饰一','#ff9900','5 ',2000,6.8,0,NULL),(900,'车内孔端面','#0000ff','6 ',600,11,0,NULL),(901,'车齿面','#0000ff','7 ',400,11,0,NULL),(902,'光饰二','#ff9900','8 ',2000,6.8,0,NULL),(903,'全探伤','#cc99ff','9 ',5000,11,0,NULL),(904,'全选外观','#008000','10 ',3000,22.8,0,NULL),(905,'成检','#99cc00','11 ',-1,6.5,0,NULL),(906,'包装清洗','#00ff00','12 ',10000,40.8,0,NULL),(907,'混料','#ffffff','1 ',12000,7.6,0,NULL),(908,'初压','#c0c0c0','2 ',1800,24.4,0,NULL),(909,'烧结','#ff00ff','3 ',3000,15.5,0,NULL),(910,'整形','#ff99cc','4 ',1000,12.2,0,NULL),(911,'车加工一(沉孔)','#0000ff','5 ',400,10.6,0,NULL),(912,'车加工二（台阶）','#0000ff','6 ',400,10.6,0,NULL),(913,'刷毛刺','#ff9900','7 ',2500,8.4,0,NULL),(914,'钻孔(￠5)','#0000ff','8 ',600,8.4,0,NULL),(915,'钻孔(4-M8)','#0000ff','9 ',200,8.4,0,NULL),(916,'攻丝','#0000ff','10 ',800,8.4,0,NULL),(917,'焊接','#00ccff','11 ',600,11,0,NULL),(918,'探伤','#cc99ff','12 ',4000,11,0,NULL),(919,'除油','#010000','13 ',1800,11,0,NULL),(920,'蒸汽处理','#010000','14 ',1600,11,0,NULL),(921,'理丝','#0000ff','15 ',600,10.6,0,NULL),(922,'检外观、塞孔','#008000','16 ',2400,13,0,NULL),(923,'成品检验','#99cc00','17 ',3000,6.5,0,NULL),(924,'清洗包装','#00ff00','18 ',8000,40.8,0,NULL),(925,'混料','#ffffff','1 ',12000,7.6,0,NULL),(926,'成形','#c0c0c0','2 ',1500,24.4,0,NULL),(927,'烧结','#ff00ff','3 ',2000,15.5,0,NULL),(928,'整形','#ff99cc','4 ',1000,12.2,0,NULL),(929,'车内孔','#0000ff','5 ',300,10.6,0,NULL),(930,'刷外齿毛刺','#ff9900','6 ',2000,16.8,0,NULL),(931,'钻孔','#0000ff','7 ',500,16.8,0,NULL),(932,'探伤','#cc99ff','8 ',2400,10.6,0,NULL),(933,'全检外观','#008000','9 ',3000,19.5,0,NULL),(934,'全检内孔','#008000','10 ',1500,13,0,NULL),(935,'成品检验','#99cc00','11 ',2000,6.5,0,NULL),(936,'清洗','#00ff00','12 ',6000,20.4,0,NULL),(937,'包装','#00ff00','13 ',6000,40.8,0,NULL),(938,'混料','#ffffff','1 ',8000,7.6,0,NULL),(939,'成形','#c0c0c0','2 ',1500,24.4,0,NULL),(940,'烧结','#ff00ff','3 ',2000,15.5,0,NULL),(941,'整形','#ff99cc','4 ',1000,12.2,0,NULL),(942,'车端面','#0000ff','5 ',400,10.6,0,NULL),(943,'车内孔','#0000ff','6 ',300,10.6,0,NULL),(944,'刷外齿毛刺','#ff9900','7 ',2000,16.8,0,NULL),(945,'探伤','#cc99ff','8 ',2400,10.6,0,NULL),(946,'全检外观','#008000','9 ',3000,19.5,0,NULL),(947,'全检内孔','#008000','10 ',1200,13,0,NULL),(948,'成品检验','#99cc00','11 ',2000,6.5,0,NULL),(949,'清洗','#00ff00','12 ',6000,20.4,0,NULL),(950,'包装','#00ff00','13 ',6000,40.8,0,NULL),(951,'混料','#ffffff','1 ',18000,7.6,0,NULL),(952,'压制','#c0c0c0','2 ',1000,24.4,0,NULL),(953,'烧结','#ff00ff','3 ',2000,15.5,0,NULL),(954,'渗碳淬火','#993366','4 ',1000,9,0,NULL),(955,'抛丸','#ff9900','5 ',500,243.75,0,NULL),(956,'车加工','#0000ff','6 ',500,500,0,NULL),(957,'立磨','#0000ff','7 ',400,10.2,0,NULL),(958,'打标记','#ff9900','8 ',1500,6.8,0,NULL),(959,'探伤','#cc99ff','9 ',2500,11,0,NULL),(960,'外观检查','#008000','10 ',1500,13.6,0,NULL),(961,'出厂检验','#99cc00','11 ',1500,10.6,0,NULL),(962,'清洗、浸油','#00ff00','12 ',3000,13.6,0,NULL),(963,'包装入库','#00ff00','13 ',3000,6.8,0,NULL),(964,'混料','#ffffff','1 ',20000,7.6,0,NULL),(965,'压制','#c0c0c0','2 ',1400,24.4,0,NULL),(966,'烧结','#ff00ff','3 ',2000,15.5,0,NULL),(967,'车加工','#0000ff','4 ',800,10.6,0,NULL),(968,'渗碳淬火','#993366','5 ',1000,9,0,NULL),(969,'抛丸','#ff9900','6 ',500,125,0,NULL),(970,'平磨','#0000ff','7 ',400,10.2,0,NULL),(971,'打标记','#ff9900','8 ',3000,6.8,0,NULL),(972,'探伤','#cc99ff','9 ',2500,11,0,NULL),(973,'外观检查','#008000','10 ',1500,13.6,0,NULL),(974,'出厂检验','#99cc00','11 ',1500,10.6,0,NULL),(975,'清洗、浸油','#00ff00','12 ',4000,13.6,0,NULL),(976,'包装入库','#00ff00','13 ',3000,6.8,0,NULL),(977,'混料','#ffffff','1 ',11000,7.6,0,NULL),(978,'压制','#c0c0c0','2 ',1800,24.4,0,NULL),(979,'烧结','#ff00ff','3 ',2200,15.5,0,NULL),(980,'整形','#ff99cc','4 ',1200,12.2,0,NULL),(981,'刷外齿毛刺','#ff9900','5 ',4000,13.6,0,NULL),(982,'除油','#010000','7 ',1500,11,0,NULL),(983,'蒸汽处理','#010000','9 ',1500,11,0,NULL),(984,'铰孔','#0000ff','10 ',800,8.4,0,NULL),(985,'检外观','#008000','12 ',3000,6.8,0,NULL),(986,'出厂检验','#99cc00','13 ',-1,10.6,0,NULL),(987,'清洗','#00ff00','13 ',5000,13.6,0,NULL),(988,'包装','#00ff00','14 ',5000,6.8,0,NULL),(989,'混料','#ffffff','1 ',11000,7.6,0,NULL),(990,'压制','#c0c0c0','2 ',1800,24.4,0,NULL),(991,'烧结','#ff00ff','3 ',2200,15.5,0,NULL),(992,'整形','#ff99cc','4 ',1500,12.2,0,NULL),(993,'除油','#010000','6 ',1600,11,0,NULL),(994,'蒸汽处理','#010000','8 ',1600,11,0,NULL),(995,'车加工','#0000ff','9 ',300,10.6,0,NULL),(996,'探伤','#cc99ff','10 ',3600,11,0,NULL),(997,'检外观','#008000','11 ',3000,13.6,0,NULL),(998,'出厂检验','#99cc00','12 ',-1,10.6,0,NULL),(999,'清洗包装','#00ff00','13 ',5000,13.6,0,NULL),(1000,'清洗包装','#00ff00','14 ',5000,6.8,0,NULL),(1001,'混料','#ffffff','1 ',20000,7.6,0,NULL),(1002,'压制','#c0c0c0','2 ',1800,24.4,0,NULL),(1003,'烧结','#ff00ff','3 ',3000,10.7,0,NULL),(1004,'整形','#ff99cc','4 ',1200,12.2,0,NULL),(1005,'车内孔及端面','#0000ff','5 ',400,10.6,0,NULL),(1006,'探伤','#cc99ff','6 ',4000,11,0,NULL),(1007,'刷外齿毛刺','#ff9900','7 ',3000,13.6,0,NULL),(1008,'清洗','#00ff00','8 ',4000,13.6,0,NULL),(1009,'烘干','#010000','9 ',4000,13.6,0,NULL),(1010,'蒸汽处理','#010000','10 ',1600,11,0,NULL),(1011,'检外观','#008000','11 ',3000,19.5,0,NULL),(1012,'全检内孔','#008000','12 ',3000,19.5,0,NULL),(1013,'浸油清洗','#00ff00','12 ',4000,13.6,0,NULL),(1014,'出厂检验','#99cc00','13 ',4000,10.6,0,NULL),(1015,'包装','#00ff00','14 ',4000,26,0,NULL),(1016,'混料','#ffffff','1 ',18500,7.6,0,NULL),(1017,'压制','#c0c0c0','2 ',1500,24.4,0,NULL),(1018,'烧结','#ff00ff','3 ',4000,15.5,0,NULL),(1019,'整形','#ff99cc','4 ',1800,12.2,0,NULL),(1020,'车内孔','#0000ff','5 ',600,12.2,0,NULL),(1021,'车齿面','#0000ff','6 ',700,12.2,0,NULL),(1022,'去毛刺','#ff9900','7 ',800,6.8,0,NULL),(1023,'全探伤','#cc99ff','8 ',3000,11,0,NULL),(1024,'全选外观','#008000','9 ',1500,13.6,0,NULL),(1025,'成检','#99cc00','10 ',-1,13.6,0,NULL),(1026,'包装','#00ff00','11 ',4000,13.6,0,NULL),(1027,'混料','#ffffff','1 ',5435,9,0,NULL),(1028,'成形','#c0c0c0','2 ',1300,24.4,0,NULL),(1029,'烧结','#ff00ff','3 ',1200,15.5,0,NULL),(1030,'整形','#ff99cc','4 ',1000,12.2,0,NULL),(1031,'精车端面及内孔','#0000ff','5 ',200,11,0,NULL),(1032,'刷外齿毛刺','#ff9900','6 ',2000,16,0,NULL),(1033,'焊接','#00ccff','7 ',300,11,0,NULL),(1034,'车感应销','#0000ff','8 ',500,11,0,NULL),(1035,'探伤','#cc99ff','9 ',3000,11,0,NULL),(1036,'清洗','#00ff00','10 ',4000,16,0,NULL),(1037,'烘干','#010000','11 ',4000,16,0,NULL),(1038,'蒸汽处理','#010000','12 ',800,11,0,NULL),(1039,'全检感应销高度','#008000','13 ',1500,8,0,NULL),(1040,'全检内孔','#008000','14 ',2000,8,0,NULL),(1041,'全检外观','#008000','15 ',3000,16,0,NULL),(1042,'清洗','#00ff00','16 ',4000,16,0,NULL),(1043,'包装','#00ff00','17 ',2000,16,0,NULL),(1044,'混料','#ffffff','1 ',15000,7.6,0,NULL),(1045,'压制','#c0c0c0','2 ',1800,24.4,0,NULL),(1046,'烧结','#ff00ff','3 ',2500,15.5,0,NULL),(1047,'整外齿','#ff99cc','4 ',1500,10.5,0,NULL),(1048,'车沉孔倒角及齿面','#0000ff','5 ',150,11,0,NULL),(1049,'混料','#ffffff','1 ',15000,7.6,0,NULL),(1050,'压制','#c0c0c0','2 ',1800,24.4,0,NULL),(1051,'烧结','#ff00ff','3 ',3500,15.5,0,NULL),(1052,'整形','#ff99cc','4 ',1500,11,0,NULL),(1053,'车加工R及外圆','#0000ff','5 ',500,9,0,NULL),(1054,'车沉孔及齿面','#0000ff','6 ',380,9,0,NULL),(1055,'车内孔及端面','#0000ff','7 ',420,9,0,NULL),(1056,'去毛刺','#ff9900','8 ',4500,12.2,0,NULL),(1057,'钻沉孔','#0000ff','9 ',500,9,0,NULL),(1058,'精车端面','#0000ff','10 ',500,9,0,NULL),(1059,'高频淬火','#993366','11 ',6000,11,0,NULL),(1060,'回火','#993366','12 ',6000,11,0,NULL),(1061,'探伤','#cc99ff','13 ',5000,11,0,NULL),(1062,'去小孔毛刺','#ff9900','14 ',1200,6.5,0,NULL),(1063,'全检','#008000','15 ',1200,6.5,0,NULL),(1064,'清洗、浸油、包装','#00ff00','16 ',6000,13.6,0,NULL),(1065,'入库检验','#99cc00','17 ',5000,13,0,NULL),(1066,'打包入库','#00ff00','18 ',5000,6.5,0,NULL),(1067,'混料','#ffffff','1 ',34520,7.6,0,NULL),(1068,'压制','#c0c0c0','2 ',1500,12.2,0,NULL),(1069,'烧结','#ff00ff','3 ',1100,15.5,0,NULL),(1070,'刷毛刺','#ff9900','4 ',2000,8.4,0,NULL),(1071,'整形','#ff99cc','5 ',800,11,0,NULL),(1072,'刷毛刺','#ff9900','6 ',2000,8.4,0,NULL),(1073,'高度分级','#ff9900','7 ',2000,7.6,0,NULL),(1074,'立磨','#0000ff','8 ',1500,9,0,NULL),(1075,'探伤','#cc99ff','9 ',2500,11,0,NULL),(1076,'探伤GP12','#cc99ff','10 ',2500,11,0,NULL),(1077,'全检','#008000','11 ',1800,7.6,0,NULL),(1078,'全检GP12','#008000','12 ',1800,7.6,0,NULL),(1079,'清洗','#00ff00','13 ',5000,13.6,0,NULL),(1080,'包装','#00ff00','14 ',5000,13.6,0,NULL),(1081,'混料','#ffffff','1 ',29683,7.6,0,NULL),(1082,'压制','#c0c0c0','2 ',2000,12.2,0,NULL),(1083,'烧结','#ff00ff','3 ',4000,15.5,0,NULL),(1084,'去油槽毛刺','#ff9900','4 ',1500,6.1,0,NULL),(1085,'整形','#ff99cc','5 ',1500,11,0,NULL),(1086,'车加工','#0000ff','6 ',500,34.375,0,NULL),(1087,'去内花键毛刺','#ff99cc','7 ',1500,8.4,0,NULL),(1088,'去外齿毛刺','#ff99cc','8 ',6000,8.4,0,NULL),(1089,'渗碳淬火','#993366','9 ',6000,11,0,NULL),(1090,'砂端面毛刺','#0000ff','10 ',3000,8.4,0,NULL),(1091,'抛丸','#ff9900','11 ',-1,0,0,NULL),(1092,'磨端面','#0000ff','12 ',2000,9,0,NULL),(1093,'除水','#010000','13 ',5000,87.5,0,NULL),(1094,'工序检验','#008000','14 ',1500,7.6,0,NULL),(1095,'探伤','#cc99ff','15 ',4000,11,0,NULL),(1096,'清洗浸油','#00ff00','16 ',16000,13.6,0,NULL),(1097,'成品检验','#99cc00','17 ',-1,10.6,0,NULL),(1098,'包装入库','#00ff00','18 ',16000,13.6,0,NULL),(1099,'混料','#ffffff','1 ',29683,7.6,0,NULL),(1100,'压制','#c0c0c0','2 ',2000,12.2,0,NULL),(1101,'烧结','#ff00ff','3 ',4000,15.5,0,NULL),(1102,'去油槽毛刺','#ff9900','4 ',1500,6.1,0,NULL),(1103,'整形','#ff99cc','5 ',1500,11,0,NULL),(1104,'车加工','#0000ff','6 ',500,34.375,0,NULL),(1105,'去内花键毛刺','#ff99cc','7 ',1500,8.4,0,NULL),(1106,'去外齿毛刺','#ff99cc','8 ',6000,8.4,0,NULL),(1107,'渗碳淬火','#993366','9 ',6000,11,0,NULL),(1108,'砂端面毛刺','#0000ff','10 ',3000,8.4,0,NULL),(1109,'抛丸','#ff9900','11 ',-1,0,0,NULL),(1110,'磨端面','#0000ff','12 ',2000,9,0,NULL),(1111,'除水','#010000','13 ',5000,87.5,0,NULL),(1112,'工序检验','#008000','14 ',1500,7.6,0,NULL),(1113,'探伤','#cc99ff','15 ',4000,11,0,NULL),(1114,'清洗浸油','#00ff00','16 ',16000,13.6,0,NULL),(1115,'成品检验','#99cc00','17 ',-1,10.6,0,NULL),(1116,'包装入库','#00ff00','18 ',16000,13.6,0,NULL),(1117,'混料','#ffffff','1 ',27692,6.1,0,NULL),(1118,'压制','#c0c0c0','2 ',1800,24.4,0,NULL),(1119,'烧结','#ff00ff','3 ',3800,18,0,NULL),(1120,'全整形','#ff99cc','4 ',800,12.2,0,NULL),(1121,'车基准','#0000ff','5 ',1000,9,0,NULL),(1122,'车A面','#0000ff','6 ',600,9,0,NULL),(1123,'车B面','#0000ff','7 ',600,9,0,NULL),(1124,'车AB面沉孔','#0000ff','8 ',350,9,0,NULL),(1125,'去内孔毛刺','#ff99cc','9 ',1000,11,0,NULL),(1126,'刷外齿毛刺','#ff9900','10 ',4000,22,0,NULL),(1127,'清洗','#00ff00','11 ',4000,6.8,0,NULL),(1128,'高频大台阶面','#993366','12 ',2000,11,0,NULL),(1129,'高频小台阶面','#993366','13 ',2000,11,0,NULL),(1130,'回火','#993366','14 ',3000,6.8,0,NULL),(1131,'刷外齿毛刺','#ff9900','15 ',4000,22,0,NULL),(1132,'过内孔','#ff99cc','16 ',1200,11,0,NULL),(1133,'过外圆','#ff99cc','17 ',1200,11,0,NULL),(1134,'打标识','#0000ff','18 ',6000,6.8,0,NULL),(1135,'探伤','#cc99ff','19 ',2100,11,0,NULL),(1136,'工序检验','#008000','20 ',2500,26,0,NULL),(1137,'清洗、浸油、包装','#00ff00','21 ',12000,48,0,NULL),(1138,'发料','#ffffff','1 ',41739,6.1,0,NULL),(1139,'压制','#c0c0c0','2 ',1800,24.4,0,NULL),(1140,'烧结','#ff00ff','3 ',3800,18,0,NULL),(1141,'全整形','#ff99cc','4 ',800,12.2,0,NULL),(1142,'车基准','#0000ff','5 ',1000,9,0,NULL),(1143,'车A面','#0000ff','6 ',600,9,0,NULL),(1144,'车B面','#0000ff','7 ',600,9,0,NULL),(1145,'去内孔毛刺','#ff99cc','8 ',1000,11,0,NULL),(1146,'刷外齿毛刺','#ff9900','9 ',4000,22,0,NULL),(1147,'清洗','#00ff00','10 ',4000,6.8,0,NULL),(1148,'高频台阶面A','#993366','11 ',2000,11,0,NULL),(1149,'高频台阶面B','#993366','12 ',2000,11,0,NULL),(1150,'回火','#993366','13 ',4000,6.8,0,NULL),(1151,'刷外齿毛刺','#ff9900','14 ',4000,22,0,NULL),(1152,'过内孔','#ff99cc','15 ',1200,11,0,NULL),(1153,'过外圆','#ff99cc','16 ',1200,11,0,NULL),(1154,'打标识','#0000ff','17 ',6000,6.8,0,NULL),(1155,'探伤','#cc99ff','18 ',2100,11,0,NULL),(1156,'工序检验','#008000','19 ',2500,26,0,NULL),(1157,'清洗、浸油、包装','#00ff00','20 ',12000,48,0,NULL),(1158,'发料','#ffffff','1 ',38400,6.1,0,NULL),(1159,'压制','#c0c0c0','2 ',1800,24.4,0,NULL),(1160,'烧结','#ff00ff','3 ',3800,18,0,NULL),(1161,'全整形','#ff99cc','4 ',800,12.2,0,NULL),(1162,'车基准','#0000ff','5 ',1000,9,0,NULL),(1163,'车A面','#0000ff','6 ',600,9,0,NULL),(1164,'车B面','#0000ff','7 ',600,9,0,NULL),(1165,'去内孔毛刺','#ff99cc','8 ',1000,11,0,NULL),(1166,'刷外齿毛刺','#ff9900','9 ',4000,22,0,NULL),(1167,'清洗','#00ff00','10 ',4000,6.8,0,NULL),(1168,'高频台阶面A','#993366','11 ',2000,11,0,NULL),(1169,'回火','#993366','12 ',4000,6.8,0,NULL),(1170,'刷外齿毛刺','#ff9900','13 ',4000,22,0,NULL),(1171,'过内孔','#ff99cc','14 ',1200,11,0,NULL),(1172,'过外圆','#ff99cc','15 ',1200,11,0,NULL),(1173,'打标识','#0000ff','16 ',6000,6.8,0,NULL),(1174,'探伤','#cc99ff','17 ',2100,11,0,NULL),(1175,'工序检验','#008000','18 ',2500,26,0,NULL),(1176,'清洗、浸油、包装','#00ff00','19 ',12000,48,0,NULL),(1177,'混料','#ffffff','1 ',7903,7.6,0,NULL),(1178,'成形','#c0c0c0','2 ',1500,12.2,0,NULL),(1179,'烧结','#ff00ff','3 ',1200,15.5,0,NULL),(1180,'整形','#ff99cc','4 ',1000,12.2,0,NULL),(1181,'刷外齿毛刺','#ff9900','5 ',3000,6.8,0,NULL),(1182,'车端面','#0000ff','6 ',1000,10.6,0,NULL),(1183,'车内孔','#0000ff','7 ',500,10.6,0,NULL),(1184,'焊接','#00ccff','8 ',2000,13.95,0,NULL),(1185,'车感应销','#0000ff','9 ',400,13.95,0,NULL),(1186,'探伤','#cc99ff','10 ',3000,11,0,NULL),(1187,'清洗','#00ff00','11 ',4000,6.8,0,NULL),(1188,'烘干','#010000','12 ',3000,6.8,0,NULL),(1189,'蒸汽处理','#010000','13 ',800,11,0,NULL),(1190,'整内孔','#ff99cc','14 ',1000,11,0,NULL),(1191,'全检感应销高度','#008000','15 ',3000,6.5,0,NULL),(1192,'全检内孔','#008000','16 ',3000,6.5,0,NULL),(1193,'全检外观','#008000','17 ',3000,6.5,0,NULL),(1194,'清洗','#00ff00','18 ',4000,6.8,0,NULL),(1195,'包装','#00ff00','19 ',5000,13.6,0,NULL),(1233,'发料','#ffffff','1',25000,5.6,0,NULL),(1234,'成形','#c0c0c0','2',1800,24.4,0,NULL),(1235,'烧结','#ff00ff','3',6000,12,0,NULL),(1236,'整形','#ff99cc','4',1200,12.2,0,NULL),(1237,'车凸台高度','#0000ff','5',1000,9,0,NULL),(1238,'车内孔倒角','#0000ff','6',1000,9,0,NULL),(1239,'钻孔','#0000ff','7',800,8.4,0,NULL),(1240,'倒角','#0000ff','8',800,8.4,0,NULL),(1241,'攻丝','#0000ff','9',1000,8.4,0,NULL),(1242,'去键槽毛刺','#ff9900','10',2000,6.1,0,NULL),(1243,'刷外齿毛刺','#ff9900','11',4000,8.4,0,NULL),(1244,'整内孔毛刺','#ff99cc','12',2000,11,0,NULL),(1245,'清洗','#00ff00','13',3500,6.8,0,NULL),(1246,'高频淬火','#993366','14',4000,9,0,NULL),(1247,'工序尺寸全检','#008000','17',2500,10.6,0,NULL),(1248,'探伤','#cc99ff','18',6000,8,0,NULL),(1249,'成检','#99cc00','19',2500,21.2,0,NULL),(1250,'清洗、浸油','#00ff00','20',4000,13.6,0,NULL),(1251,'包装','#00ff00','21',4000,6.5,0,NULL),(1282,'混料','#ffffff','1 ',25714,7.6,0,NULL),(1283,'压制','#c0c0c0','2 ',2000,12.2,0,NULL),(1284,'烧结','#ff00ff','3 ',8000,15.5,0,NULL),(1285,'车加工','#0000ff','4 ',500,26.5625,0,NULL),(1286,'整外齿','#ff99cc','5 ',1500,11,0,NULL),(1287,'高频淬火+回火','#993366','6 ',4000,11,0,NULL),(1288,'去毛刺','#ff9900','7 ',5000,6.8,0,NULL),(1289,'磨平面','#0000ff','8 ',2500,9,0,NULL),(1290,'铰孔滑孔','#0000ff','9 ',1200,8.4,0,NULL),(1291,'探伤','#cc99ff','10 ',6000,10.6,0,NULL),(1292,'成品检验','#008000','11 ',-1,15.2,0,NULL),(1293,'清洗包装','#00ff00','12 ',8000,13.6,0,NULL),(1294,'配、混料','#ffffff','1 ',436364,7.6,0,NULL),(1295,'压    制','#c0c0c0','2 ',8000,11,0,NULL),(1296,'烧    结','#ff00ff','3 ',40000,15.5,0,NULL),(1297,'浸    油','#010000','4 ',35000,6.8,0,NULL),(1298,'光    饰','#ff9900','5 ',30000,6.8,0,NULL),(1299,'磨两端面','#0000ff','6 ',4000,9,0,NULL),(1300,'粗磨外圆','#0000ff','7 ',20000,9,0,NULL),(1301,'车R圆角、锥度','#0000ff','8 ',5000,10.6,0,NULL),(1302,'光    饰','#ff9900','9 ',30000,6.8,0,NULL),(1303,'精磨外圆','#0000ff','10 ',15000,9,0,NULL),(1304,'外观检查','#008000','11 ',15000,6.5,0,NULL),(1305,'煮    油','#010000','12 ',30000,7.2,0,NULL),(1306,'清    洗','#00ff00','13 ',30000,6.8,0,NULL),(1307,'包    装','#00ff00','14 ',20000,6.5,0,NULL),(1308,'成品检验','#ffffff','15 ',-1,0,0,NULL),(1309,'配、混料','#ffffff','1 ',436364,7.6,0,NULL),(1310,'压    制','#c0c0c0','2 ',8000,11,0,NULL),(1311,'烧    结','#ff00ff','3 ',40000,15.5,0,NULL),(1312,'回火','#ff00ff','4 ',40000,15.5,0,NULL),(1313,'浸    油','#010000','5 ',35000,6.8,0,NULL),(1314,'光    饰','#ff9900','6 ',30000,6.8,0,NULL),(1315,'磨两端面','#0000ff','7 ',4000,9,0,NULL),(1316,'粗磨外圆','#0000ff','8 ',20000,9,0,NULL),(1317,'车R圆角、锥度','#0000ff','9 ',5000,10.6,0,NULL),(1318,'光    饰','#ff9900','10 ',30000,6.8,0,NULL),(1319,'精磨外圆','#0000ff','11 ',15000,9,0,NULL),(1320,'外观检查','#008000','12 ',15000,6.5,0,NULL),(1321,'煮    油','#010000','13 ',30000,7.2,0,NULL),(1322,'清    洗','#00ff00','14 ',30000,6.8,0,NULL),(1323,'包    装','#00ff00','15 ',20000,6.5,0,NULL),(1324,'成品检验','#ffffff','16 ',-1,0,0,NULL),(1325,'混料','#ffffff','1 ',274602,7.6,0,NULL),(1326,'压制','#c0c0c0','2 ',6000,11,0,NULL),(1327,'装舟','#ff9900','3 ',10000,6.1,0,NULL),(1328,'烧结','#ff00ff','4 ',20000,15.5,0,NULL),(1329,'浸油','#010000','5 ',30000,6.8,0,NULL),(1330,'车外圆','#0000ff','6 ',4000,8.4,0,NULL),(1331,'车第一面1（车端面、车环槽、外圆倒角）','#0000ff','7 ',4000,10.6,0,NULL),(1332,'车第二面（车总长、车锥度、车圆角）','#0000ff','8 ',4000,10.6,0,NULL),(1333,'粗磨外圆','#0000ff','9 ',20000,9,0,NULL),(1334,'探伤','#cc99ff','10 ',30000,0,0,NULL),(1335,'精磨外圆','#0000ff','11 ',30000,9,0,NULL),(1336,'外观检查','#008000','12 ',15000,10.6,0,NULL),(1337,'煮蜡','#010000','13 ',35000,7.2,0,NULL),(1338,'清洗','#00ff00','14 ',35000,6.8,0,NULL),(1339,'包装','#00ff00','15 ',20000,6.5,0,NULL),(1340,'成检','#ffffff','16 ',-1,10.6,0,NULL),(1341,'混料','#ffffff','1 ',442861,7.6,0,NULL),(1342,'压制','#c0c0c0','2 ',6000,11,0,NULL),(1343,'装舟','#ff9900','3 ',20000,6.1,0,NULL),(1344,'烧结','#ff00ff','4 ',20000,15.5,0,NULL),(1345,'浸油','#010000','5 ',60000,6.8,0,NULL),(1346,'车外圆','#0000ff','6 ',3000,8.4,0,NULL),(1347,'车第一面1（车端面、车环槽、外圆倒角）','#0000ff','7 ',3000,10.6,0,NULL),(1348,'车第二面（车总长、车锥度、车圆角）','#0000ff','8 ',3000,10.6,0,NULL),(1349,'探伤','#cc99ff','9 ',30000,0,0,NULL),(1350,'粗磨外圆','#0000ff','10 ',40000,9,0,NULL),(1351,'精磨外圆','#0000ff','11 ',35000,9,0,NULL),(1352,'外观检查','#008000','12 ',10000,6.5,0,NULL),(1353,'煮蜡','#010000','13 ',30000,7.2,0,NULL),(1354,'清洗','#00ff00','14 ',30000,7.2,0,NULL),(1355,'包装','#00ff00','15 ',20000,6.5,0,NULL),(1356,'配、混料','#ffffff','1 ',436364,7.6,0,NULL),(1357,'压    制','#c0c0c0','2 ',3000,11,0,NULL),(1358,'烧    结','#ff00ff','2 ',40000,15.5,0,NULL),(1359,'正火','#ff00ff','2 ',20000,15.5,0,NULL),(1360,'浸    油','#010000','3 ',50000,12.9,0,NULL),(1361,'光    饰','#ff9900','4 ',50000,6.8,0,NULL),(1362,'粗磨两端面','#0000ff','5 ',20000,10.6,0,NULL),(1363,'精磨两端面','#0000ff','6 ',15000,10.6,0,NULL),(1364,'粗磨外圆','#0000ff','6 ',30000,19.6,0,NULL),(1365,'车一面','#0000ff','7 ',4000,10.6,0,NULL),(1366,'车二面','#0000ff','8 ',4000,10.6,0,NULL),(1367,'光    饰','#ff9900','9 ',50000,6.8,0,NULL),(1368,'探    伤','#cc99ff','10 ',20000,11,0,NULL),(1369,'精磨外圆','#0000ff','11 ',25000,19.6,0,NULL),(1370,'外观检查','#008000','12 ',10000,6.5,0,NULL),(1371,'煮    油','#010000','13 ',20000,7.2,0,NULL),(1372,'清    洗','#00ff00','14 ',20000,6.8,0,NULL),(1373,'包    装','#00ff00','15 ',20000,6.5,0,NULL),(1374,'成品检验','#00ff00','16 ',-1,10.6,0,NULL),(1375,'入库','#00ff00','17 ',40000,7.2,0,NULL),(1376,'混料','#ffffff','1 ',265000,7.6,0,NULL),(1377,'压制','#c0c0c0','2 ',6000,11,0,NULL),(1378,'装舟','#ff9900','3 ',20000,6.1,0,NULL),(1379,'烧结','#ff00ff','4 ',20000,15.5,0,NULL),(1380,'浸油','#010000','5 ',40000,6.8,0,NULL),(1381,'车外圆','#0000ff','6 ',3500,8.4,0,NULL),(1382,'车第一面1（车端面、车环槽、外圆倒角）','#0000ff','7 ',3500,10.6,0,NULL),(1383,'车第二面（车总长、车锥度、车圆角）','#0000ff','8 ',3500,10.6,0,NULL),(1384,'探伤','#cc99ff','9 ',-1,11,0,NULL),(1385,'粗磨外圆','#0000ff','10 ',35000,9,0,NULL),(1386,'精磨外圆','#0000ff','11 ',30000,9,0,NULL),(1387,'外观检查','#008000','12 ',15000,6.5,0,NULL),(1388,'煮蜡','#010000','13 ',35000,7.2,0,NULL),(1389,'清洗','#00ff00','14 ',35000,6.8,0,NULL),(1390,'包装','#00ff00','15 ',20000,6.5,0,NULL),(1391,'混料','#ffffff','1 ',245000,7.6,0,NULL),(1392,'压制','#c0c0c0','2 ',4000,11,0,NULL),(1393,'装舟','#ff9900','3 ',20000,6.1,0,NULL),(1394,'烧结','#ff00ff','4 ',20000,15.5,0,NULL),(1395,'浸油','#010000','5 ',40000,6.8,0,NULL),(1396,'车外圆','#0000ff','6 ',3500,8.4,0,NULL),(1397,'车第一面1（车端面、车环槽、外圆倒角）','#0000ff','7 ',3500,10.6,0,NULL),(1398,'车第二面（车总长、车锥度、车圆角）','#0000ff','8 ',3500,10.6,0,NULL),(1399,'探伤','#cc99ff','9 ',-1,11,0,NULL),(1400,'粗磨外圆','#0000ff','10 ',35000,9,0,NULL),(1401,'精磨外圆','#0000ff','11 ',30000,9,0,NULL),(1402,'外观检查','#008000','12 ',15000,6.5,0,NULL),(1403,'煮蜡','#010000','13 ',35000,7.2,0,NULL),(1404,'清洗','#00ff00','14 ',35000,6.8,0,NULL),(1405,'包装','#00ff00','15 ',20000,0,0,NULL),(1406,'成检','#ffffff','16 ',-1,10.6,0,NULL),(1407,'配、混料','#ffffff','1 ',654545,15.2,0,NULL),(1408,'压    制','#c0c0c0','2 ',8000,11,0,NULL),(1409,'烧    结','#ff00ff','3 ',40000,15.5,0,NULL),(1410,'浸    油','#010000','4 ',30000,6.8,0,NULL),(1411,'光    饰','#ff9900','5 ',30000,6.8,0,NULL),(1412,'粗磨大端面','#0000ff','6 ',8000,9,0,NULL),(1413,'精磨两端面','#0000ff','7 ',8000,9,0,NULL),(1414,'粗磨外圆','#0000ff','8 ',35000,9,0,NULL),(1415,'车R圆角、锥度','#0000ff','9 ',5000,10.6,0,NULL),(1416,'光    饰','#ff9900','10 ',50000,6.8,0,NULL),(1417,'探    伤','#cc99ff','11 ',-1,0,0,NULL),(1418,'精磨外圆','#0000ff','12 ',30000,9,0,NULL),(1419,'外观检查','#008000','13 ',6000,10.6,0,NULL),(1420,'煮    油','#010000','14 ',30000,7.2,0,NULL),(1421,'清    洗','#00ff00','15 ',30000,6.8,0,NULL),(1422,'包    装','#00ff00','16 ',20000,6.5,0,NULL),(1423,'成品检验','#ffffff','17 ',-1,10.6,0,NULL),(1424,'配、混料','#ffffff','1 ',720000,15.2,0,NULL),(1425,'压    制','#c0c0c0','2 ',8000,11,0,NULL),(1426,'烧    结','#ff00ff','3 ',40000,15.5,0,NULL),(1427,'一次回火','#ff00ff','4 ',30000,15.5,0,NULL),(1428,'二次回火','#ff00ff','5 ',30000,15.5,0,NULL),(1429,'浸    油','#010000','6 ',30000,12.9,0,NULL),(1430,'光    饰','#ff9900','7 ',30000,6.8,0,NULL),(1431,'粗磨大端面','#0000ff','8 ',8000,9,0,NULL),(1432,'精磨两端面','#0000ff','9 ',8000,9,0,NULL),(1433,'粗磨外圆','#0000ff','10 ',35000,9,0,NULL),(1434,'车R圆角、锥度','#0000ff','11 ',5000,10.6,0,NULL),(1435,'光    饰','#ff9900','12 ',50000,6.8,0,NULL),(1436,'精磨外圆','#0000ff','13 ',30000,9,0,NULL),(1437,'外观检查','#008000','14 ',6000,10.6,0,NULL),(1438,'煮    油','#010000','15 ',30000,7.2,0,NULL),(1439,'清    洗','#00ff00','16 ',-1,6.8,0,NULL),(1440,'包    装','#00ff00','17 ',20000,6.5,0,NULL),(1441,'成品检验','#ffffff','18 ',-1,10.6,0,NULL),(1442,'配、混料','#ffffff','1 ',654545,7.6,0,NULL),(1443,'压    制','#c0c0c0','2 ',5500,11,0,NULL),(1444,'烧    结','#ff00ff','3 ',50000,15.5,0,NULL),(1445,'浸    油','#010000','4 ',50000,6.8,0,NULL),(1446,'光    饰','#ff9900','5 ',50000,6.8,0,NULL),(1447,'磨两端面','#0000ff','6 ',10000,9,0,NULL),(1448,'精磨两端面','#0000ff','7 ',8000,9,0,NULL),(1449,'粗磨外圆','#0000ff','8 ',35000,9,0,NULL),(1450,'车R圆角、锥度','#0000ff','9 ',5500,10.6,0,NULL),(1451,'光    饰','#ff9900','10 ',50000,6.8,0,NULL),(1452,'探    伤','#cc99ff','11 ',-1,0,0,NULL),(1453,'精磨外圆','#0000ff','12 ',30000,9,0,NULL),(1454,'外观检查','#008000','13 ',15000,6.5,0,NULL),(1455,'煮    油','#010000','14 ',40000,7.2,0,NULL),(1456,'清    洗','#00ff00','15 ',40000,6.8,0,NULL),(1457,'包    装','#00ff00','16 ',20000,6.5,0,NULL),(1458,'成品检验','#ffffff','17 ',-1,0,0,NULL),(1459,'配、混料','#ffffff','1 ',720000,7.6,0,NULL),(1460,'压    制','#c0c0c0','2 ',8000,11,0,NULL),(1461,'烧    结','#ff00ff','3 ',50000,15.5,0,NULL),(1462,'回火','#ff00ff','4 ',30000,15.5,0,NULL),(1463,'浸    油','#010000','5 ',50000,6.8,0,NULL),(1464,'光    饰','#ff9900','6 ',50000,6.8,0,NULL),(1465,'磨两端面','#0000ff','7 ',10000,9,0,NULL),(1466,'精磨两端面','#0000ff','8 ',8000,9,0,NULL),(1467,'粗磨外圆','#0000ff','9 ',35000,9,0,NULL),(1468,'车R圆角、锥度','#0000ff','10 ',5500,10.6,0,NULL),(1469,'光    饰','#ff9900','11 ',50000,6.8,0,NULL),(1470,'探    伤','#cc99ff','12 ',-1,0,0,NULL),(1471,'精磨外圆','#0000ff','13 ',30000,9,0,NULL),(1472,'外观检查','#008000','14 ',15000,6.5,0,NULL),(1473,'煮    油','#010000','15 ',40000,7.2,0,NULL),(1474,'清    洗','#00ff00','16 ',40000,6.8,0,NULL),(1475,'包    装','#00ff00','17 ',20000,6.5,0,NULL),(1476,'成品检验','#ffffff','18 ',-1,10.6,0,NULL),(1477,'配、混料','#ffffff','1 ',436364,7.6,0,NULL),(1478,'压    制','#c0c0c0','2 ',5000,11,0,NULL),(1479,'烧    结','#ff00ff','3 ',50000,15.5,0,NULL),(1480,'浸    油','#010000','4 ',50000,12.9,0,NULL),(1481,'光    饰','#ff9900','5 ',50000,6.8,0,NULL),(1482,'磨两端面','#0000ff','6 ',20000,10.6,0,NULL),(1483,'粗磨外圆','#0000ff','7 ',20000,19.6,0,NULL),(1484,'车R圆角、锥度','#0000ff','8 ',5000,10.6,0,NULL),(1485,'车倒角','#0000ff','9 ',5000,10.6,0,NULL),(1486,'光    饰','#ff9900','10 ',50000,6.8,0,NULL),(1487,'探    伤','#cc99ff','11 ',-1,11,0,NULL),(1488,'精磨外圆','#0000ff','12 ',20000,19.6,0,NULL),(1489,'外观检查','#008000','13 ',5000,6.5,0,NULL),(1490,'煮    油','#010000','14 ',20000,7.2,0,NULL),(1491,'清    洗','#00ff00','15 ',20000,6.8,0,NULL),(1492,'包    装','#00ff00','16 ',20000,6.5,0,NULL),(1493,'成品检验','#00ff00','17 ',-1,10.6,0,NULL),(1494,'入库','#00ff00','18 ',40000,7.2,0,NULL),(1495,'配、混料','#ffffff','1 ',436364,7.6,0,NULL),(1496,'压    制','#c0c0c0','2 ',5000,11,0,NULL),(1497,'烧    结','#ff00ff','3 ',50000,15.5,0,NULL),(1498,'回火','#ff00ff','4 ',30000,15.5,0,NULL),(1499,'浸    油','#010000','5 ',50000,12.9,0,NULL),(1500,'光    饰','#ff9900','6 ',50000,6.8,0,NULL),(1501,'磨两端面','#0000ff','7 ',20000,10.6,0,NULL),(1502,'粗磨外圆','#0000ff','8 ',20000,19.6,0,NULL),(1503,'车R圆角、锥度','#0000ff','9 ',5000,10.6,0,NULL),(1504,'车倒角','#0000ff','10 ',5000,10.6,0,NULL),(1505,'光    饰','#ff9900','11 ',50000,6.8,0,NULL),(1506,'精磨外圆','#0000ff','12 ',20000,19.6,0,NULL),(1507,'外观检查','#008000','13 ',10000,6.5,0,NULL),(1508,'煮    油','#010000','14 ',20000,7.2,0,NULL),(1509,'清    洗','#00ff00','15 ',20000,6.8,0,NULL),(1510,'包    装','#00ff00','16 ',20000,6.5,0,NULL),(1511,'成品检验','#00ff00','17 ',-1,10.6,0,NULL),(1512,'入库','#00ff00','18 ',40000,7.2,0,NULL),(1513,'配、混料','#ffffff','1 ',800000,7.6,0,NULL),(1514,'压    制','#c0c0c0','2 ',3500,11,0,NULL),(1515,'烧    结','#ff00ff','3 ',40000,15.5,0,NULL),(1516,'浸    油','#010000','4 ',35000,6.8,0,NULL),(1517,'光    饰','#ff9900','5 ',40000,6.8,0,NULL),(1518,'磨两端面','#0000ff','6 ',4000,9,0,NULL),(1519,'粗磨外圆','#0000ff','7 ',25000,9,0,NULL),(1520,'车R圆角、锥度','#0000ff','8 ',5000,10.6,0,NULL),(1521,'光    饰','#ff9900','9 ',40000,6.8,0,NULL),(1522,'半精磨外圆','#0000ff','10 ',20000,9,0,NULL),(1523,'精磨外圆','#0000ff','11 ',20000,9,0,NULL),(1524,'外观检查','#008000','12 ',15000,6.5,0,NULL),(1525,'煮    油','#010000','13 ',30000,7.2,0,NULL),(1526,'清    洗','#00ff00','14 ',-1,6.8,0,NULL),(1527,'包    装','#00ff00','15 ',20000,6.5,0,NULL),(1528,'成品检验','#ffffff','16 ',-1,0,0,NULL),(1529,'配、混料','#ffffff','1 ',436364,7.6,0,NULL),(1530,'压    制','#c0c0c0','2 ',4000,11,0,NULL),(1531,'烧    结','#ff00ff','3 ',35000,15.5,0,NULL),(1532,'回火','#ff00ff','4 ',30000,15.5,0,NULL),(1533,'浸    油','#010000','5 ',35000,6.8,0,NULL),(1534,'光    饰','#ff9900','6 ',40000,6.8,0,NULL),(1535,'磨两端面','#0000ff','7 ',4000,9,0,NULL),(1536,'粗磨外圆','#0000ff','8 ',25000,9,0,NULL),(1537,'车R圆角、锥度','#0000ff','9 ',5500,10.6,0,NULL),(1538,'内孔倒角','#0000ff','10 ',8000,8.4,0,NULL),(1539,'光    饰','#ff9900','11 ',40000,6.8,0,NULL),(1540,'半精磨外圆','#0000ff','12 ',20000,9,0,NULL),(1541,'精磨外圆','#0000ff','13 ',20000,9,0,NULL),(1542,'外观检查','#008000','14 ',15000,6.5,0,NULL),(1543,'煮    油','#010000','15 ',30000,7.2,0,NULL),(1544,'清    洗','#00ff00','16 ',-1,6.8,0,NULL),(1545,'包    装','#00ff00','17 ',20000,6.5,0,NULL),(1546,'成品检验','#ffffff','18 ',-1,0,0,NULL),(1547,'混料','#ffffff','1 ',274602,7.6,0,NULL),(1548,'压制','#c0c0c0','2 ',4000,11,0,NULL),(1549,'装舟','#ff9900','3 ',20000,6.1,0,NULL),(1550,'烧结','#ff00ff','4 ',20000,15.5,0,NULL),(1551,'浸油','#010000','5 ',40000,6.8,0,NULL),(1552,'车外圆','#0000ff','6 ',2500,8.4,0,NULL),(1553,'车第一面1（车端面、车环槽、外圆倒角）','#0000ff','7 ',3500,10.6,0,NULL),(1554,'车第二面（车总长、车锥度、车圆角）','#0000ff','8 ',3500,10.6,0,NULL),(1555,'探伤','#cc99ff','9 ',-1,0,0,NULL),(1556,'粗磨外圆','#0000ff','10 ',35000,9,0,NULL),(1557,'精磨外圆','#0000ff','11 ',30000,9,0,NULL),(1558,'外观检查','#008000','12 ',15000,6.5,0,NULL),(1559,'煮蜡','#010000','13 ',35000,7.2,0,NULL),(1560,'成检','#99cc00','14 ',-1,0,0,NULL),(1561,'清洗','#00ff00','15 ',-1,0,0,NULL),(1562,'包装','#00ff00','16 ',20000,6.5,0,NULL),(1563,'配、混料','#ffffff','1 ',436364,7.6,0,NULL),(1564,'压    制','#c0c0c0','2 ',5000,11,0,NULL),(1565,'烧    结','#ff00ff','3 ',50000,15.5,0,NULL),(1566,'浸    油','#010000','4 ',50000,12.9,0,NULL),(1567,'光    饰','#ff9900','5 ',50000,6.8,0,NULL),(1568,'磨两端面','#0000ff','6 ',20000,10.6,0,NULL),(1569,'粗磨外圆','#0000ff','7 ',20000,19.6,0,NULL),(1570,'车锥度、圆角','#0000ff','8 ',4000,10.6,0,NULL),(1571,'车倒角','#0000ff','9 ',4000,10.6,0,NULL),(1572,'光    饰','#ff9900','10 ',50000,6.8,0,NULL),(1573,'探    伤','#cc99ff','11 ',-1,11,0,NULL),(1574,'半精磨外圆','#0000ff','12 ',15000,19.6,0,NULL),(1575,'精磨外圆','#0000ff','13 ',15000,19.6,0,NULL),(1576,'外观检查','#008000','14 ',10000,6.5,0,NULL),(1577,'煮    油','#010000','15 ',20000,7.2,0,NULL),(1578,'清    洗','#00ff00','16 ',20000,6.8,0,NULL),(1579,'包    装','#00ff00','17 ',20000,6.5,0,NULL),(1580,'成品检验','#00ff00','18 ',-1,10.6,0,NULL),(1581,'入库','#00ff00','19 ',40000,7.2,0,NULL),(1582,'配、混料','#ffffff','1 ',436364,7.6,0,NULL),(1583,'压    制','#c0c0c0','2 ',8000,11,0,NULL),(1584,'烧    结','#ff00ff','3 ',50000,15.5,0,NULL),(1585,'回火','#ff00ff','4 ',30000,15.5,0,NULL),(1586,'浸    油','#010000','5 ',50000,12.9,0,NULL),(1587,'光    饰','#ff9900','6 ',50000,6.8,0,NULL),(1588,'粗磨大端面','#0000ff','7 ',20000,10.6,0,NULL),(1589,'精磨两端面','#0000ff','8 ',20000,10.6,0,NULL),(1590,'粗磨外圆','#0000ff','9 ',20000,19.6,0,NULL),(1591,'车R圆角、锥度','#0000ff','10 ',4000,10.6,0,NULL),(1592,'车倒角','#0000ff','11 ',4000,10.6,0,NULL),(1593,'光    饰','#ff9900','12 ',50000,6.8,0,NULL),(1594,'探    伤','#cc99ff','13 ',-1,11,0,NULL),(1595,'精磨外圆','#0000ff','14 ',20000,19.6,0,NULL),(1596,'外观检查','#008000','15 ',10000,6.5,0,NULL),(1597,'煮    油','#010000','16 ',20000,7.2,0,NULL),(1598,'清    洗','#00ff00','17 ',20000,6.8,0,NULL),(1599,'包    装','#00ff00','18 ',20000,6.5,0,NULL),(1600,'入库','#00ff00','19 ',40000,7.2,0,NULL),(1601,'配、混料','#ffffff','1 ',436364,7.6,0,NULL),(1602,'压    制','#c0c0c0','2 ',5000,11,0,NULL),(1603,'烧    结','#ff00ff','3 ',50000,15.5,0,NULL),(1604,'浸    油','#010000','4 ',50000,12.9,0,NULL),(1605,'光    饰','#ff9900','5 ',50000,6.8,0,NULL),(1606,'磨两端面','#0000ff','6 ',10000,10.6,0,NULL),(1607,'粗磨外圆','#0000ff','7 ',10000,19.6,0,NULL),(1608,'车R圆角、锥度','#0000ff','8 ',4000,10.6,0,NULL),(1609,'车倒角','#0000ff','9 ',4000,10.6,0,NULL),(1610,'光    饰','#ff9900','10 ',50000,6.8,0,NULL),(1611,'精磨外圆','#0000ff','11 ',10000,19.6,0,NULL),(1612,'外观检查','#008000','12 ',8000,6.5,0,NULL),(1613,'煮    油','#010000','13 ',20000,7.2,0,NULL),(1614,'清    洗','#00ff00','14 ',20000,6.8,0,NULL),(1615,'包    装','#00ff00','15 ',10000,6.5,0,NULL),(1616,'成品检验','#00ff00','16 ',-1,10.6,0,NULL),(1617,'入库','#00ff00','17 ',40000,7.2,0,NULL),(1618,'配、混料','#ffffff','1 ',436364,7.6,0,NULL),(1619,'压    制','#c0c0c0','2 ',5000,11,0,NULL),(1620,'烧    结','#ff00ff','3 ',50000,15.5,0,NULL),(1621,'浸    油','#010000','4 ',50000,12.9,0,NULL),(1622,'光    饰','#ff9900','5 ',50000,6.8,0,NULL),(1623,'磨两端面','#0000ff','6 ',20000,10.6,0,NULL),(1624,'粗磨外圆','#0000ff','7 ',20000,19.6,0,NULL),(1625,'车R圆角、锥度','#0000ff','8 ',4000,10.6,0,NULL),(1626,'车倒角','#0000ff','9 ',4000,10.6,0,NULL),(1627,'光    饰','#ff9900','10 ',50000,6.8,0,NULL),(1628,'精磨外圆','#0000ff','11 ',20000,19.6,0,NULL),(1629,'外观检查','#008000','12 ',10000,6.5,0,NULL),(1630,'煮    油','#010000','13 ',20000,7.2,0,NULL),(1631,'清    洗','#00ff00','14 ',20000,6.8,0,NULL),(1632,'包    装','#00ff00','15 ',20000,6.5,0,NULL),(1633,'成品检验','#00ff00','16 ',-1,10.6,0,NULL),(1634,'入库','#00ff00','17 ',40000,7.2,0,NULL),(1635,'混料','#ffffff','1 ',160000,7.6,0,NULL),(1636,'压制','#c0c0c0','2 ',10000,11,0,NULL),(1637,'装舟','#ff9900','3 ',20000,6.1,0,NULL),(1638,'烧结','#ff00ff','4 ',20000,15.5,0,NULL),(1639,'浸油','#010000','5 ',40000,12.9,0,NULL),(1640,'车外圆','#0000ff','6 ',3500,8.4,0,NULL),(1641,'车A端面锥面部分','#0000ff','7 ',3500,10.6,0,NULL),(1642,'车B端面锥面部分','#0000ff','8 ',3500,10.6,0,NULL),(1643,'探伤','#cc99ff','9 ',-1,11,0,NULL),(1644,'粗磨外圆','#0000ff','10 ',25000,19.6,0,NULL),(1645,'精磨外圆','#0000ff','11 ',25000,19.6,0,NULL),(1646,'外观检查','#008000','12 ',10000,6.5,0,NULL),(1647,'煮蜡','#010000','13 ',25000,7.2,0,NULL),(1648,'清洗','#00ff00','14 ',30000,6.8,0,NULL),(1649,'包装','#00ff00','15 ',20000,6.5,0,NULL),(1650,'成检','#00ff00','16 ',-1,10.6,0,NULL),(1651,'入库','#00ff00','17 ',40000,7.2,0,NULL),(1652,'配、混料','#ffffff','1 ',632594,7.6,0,NULL),(1653,'压    制','#c0c0c0','2 ',4000,11,0,NULL),(1654,'烧    结','#ff00ff','3 ',50000,15.5,0,NULL),(1655,'浸    油','#010000','4 ',50000,6.8,0,NULL),(1656,'光    饰','#ff9900','5 ',50000,6.8,0,NULL),(1657,'磨两端面','#0000ff','6 ',8000,9,0,NULL),(1658,'精磨两端面','#0000ff','7 ',8000,9,0,NULL),(1659,'粗磨外圆','#0000ff','8 ',35000,9,0,NULL),(1660,'车锥度、圆角','#0000ff','9 ',5500,10.6,0,NULL),(1661,'车倒角','#0000ff','10 ',5500,10.6,0,NULL),(1662,'光    饰','#ff9900','11 ',50000,6.8,0,NULL),(1663,'精磨外圆','#0000ff','12 ',30000,9,0,NULL),(1664,'外观检查','#008000','13 ',15000,6.5,0,NULL),(1665,'煮    油','#010000','14 ',40000,7.2,0,NULL),(1666,'清    洗','#00ff00','15 ',-1,0,0,NULL),(1667,'包    装','#00ff00','16 ',20000,6.5,0,NULL),(1668,'成品检验','#008000','17 ',-1,10.6,0,NULL),(1669,'混料','#ffffff','1 ',465000,7.6,0,NULL),(1670,'压制','#c0c0c0','2 ',10000,11,0,NULL),(1671,'装舟','#ff9900','3 ',20000,6.1,0,NULL),(1672,'烧结','#ff00ff','4 ',20000,15.5,0,NULL),(1673,'浸油','#010000','5 ',60000,6.8,0,NULL),(1674,'车外圆','#0000ff','6 ',5000,8.4,0,NULL),(1675,'车第一面1（车端面、车环槽、外圆倒角）','#0000ff','7 ',5000,10.6,0,NULL),(1676,'车第二面（车总长、车锥度、车圆角）','#0000ff','8 ',5000,10.6,0,NULL),(1677,'探伤','#cc99ff','9 ',-1,11,0,NULL),(1678,'粗磨外圆','#0000ff','10 ',40000,9,0,NULL),(1679,'精磨外圆','#0000ff','11 ',35000,9,0,NULL),(1680,'外观检查','#008000','12 ',10000,6.5,0,NULL),(1681,'煮蜡','#010000','13 ',30000,7.2,0,NULL),(1682,'清洗','#00ff00','14 ',-1,6.8,0,NULL),(1683,'包装','#00ff00','15 ',20000,6.5,0,NULL),(1684,'成检','#99cc00','16 ',-1,10.6,0,NULL),(1685,'混料','#ffffff','1 ',458182,7.6,0,NULL),(1686,'压制','#c0c0c0','2 ',10000,11,0,NULL),(1687,'装舟','#ff9900','3 ',20000,6.1,0,NULL),(1688,'烧结','#ff00ff','4 ',20000,15.5,0,NULL),(1689,'浸油','#010000','5 ',60000,6.8,0,NULL),(1690,'车外圆','#0000ff','6 ',3500,8.4,0,NULL),(1691,'车第一面1（车端面、车环槽、外圆倒角）','#0000ff','7 ',3500,10.6,0,NULL),(1692,'车第二面（车总长、车锥度、车圆角）','#0000ff','8 ',3500,10.6,0,NULL),(1693,'探伤','#cc99ff','9 ',-1,0,0,NULL),(1694,'粗磨外圆','#0000ff','10 ',40000,9,0,NULL),(1695,'精磨外圆','#0000ff','11 ',35000,9,0,NULL),(1696,'外观检查','#008000','12 ',10000,6.5,0,NULL),(1697,'煮蜡','#010000','13 ',30000,7.2,0,NULL),(1698,'清洗','#00ff00','14 ',-1,6.8,0,NULL),(1699,'包装','#00ff00','15 ',20000,6.5,0,NULL),(1700,'配、混料','#ffffff','1 ',436364,7.6,0,NULL),(1701,'压    制','#c0c0c0','2 ',10000,11,0,NULL),(1702,'烧    结','#ff00ff','3 ',50000,15.5,0,NULL),(1703,'回火','#ff00ff','4 ',30000,15.5,0,NULL),(1704,'浸    油','#010000','5 ',50000,12.9,0,NULL),(1705,'光    饰','#ff9900','6 ',50000,6.8,0,NULL),(1706,'粗磨两端面','#0000ff','7 ',20000,10.6,0,NULL),(1707,'精磨两端面','#0000ff','8 ',20000,10.6,0,NULL),(1708,'粗磨外圆','#0000ff','9 ',20000,19.6,0,NULL),(1709,'车R圆角、锥度','#0000ff','10 ',4000,10.6,0,NULL),(1710,'车倒角','#0000ff','11 ',4000,10.6,0,NULL),(1711,'光    饰','#ff9900','12 ',50000,6.8,0,NULL),(1712,'精磨外圆','#0000ff','13 ',20000,19.6,0,NULL),(1713,'外观检查','#008000','14 ',10000,6.5,0,NULL),(1714,'煮    油','#010000','15 ',20000,7.2,0,NULL),(1715,'清    洗','#00ff00','16 ',20000,6.8,0,NULL),(1716,'包    装','#00ff00','17 ',20000,6.5,0,NULL),(1717,'成品检验','#99cc00','18 ',-1,10.6,0,NULL),(1718,'入库','#00ff00','19 ',40000,7.2,0,NULL),(1719,'混料','#ffffff','1 ',408655,7.6,0,NULL),(1720,'压制','#c0c0c0','2 ',10000,11,0,NULL),(1721,'装舟','#ff9900','3 ',20000,6.1,0,NULL),(1722,'烧结','#ff00ff','4 ',20000,15.5,0,NULL),(1723,'浸油','#010000','5 ',40000,6.8,0,NULL),(1724,'车外圆','#0000ff','6 ',5000,8.4,0,NULL),(1725,'车第一面1（车端面、车环槽、外圆倒角）','#0000ff','7 ',5000,10.6,0,NULL),(1726,'车第二面（车总长、车锥度、车圆角）','#0000ff','8 ',5000,10.6,0,NULL),(1727,'探伤','#cc99ff','9 ',-1,11,0,NULL),(1728,'粗磨外圆','#0000ff','10 ',25000,9,0,NULL),(1729,'精磨外圆','#0000ff','11 ',25000,9,0,NULL),(1730,'外观检查','#008000','12 ',15000,10.6,0,NULL),(1731,'浸油','#010000','13 ',20000,7.2,0,NULL),(1732,'清洗','#00ff00','14 ',-1,6.8,0,NULL),(1733,'包装','#00ff00','15 ',20000,6.5,0,NULL),(1734,'成检','#99cc00','16 ',-1,10.6,0,NULL),(1735,'混料','#ffffff','1 ',408655,7.6,0,NULL),(1736,'压制','#c0c0c0','2 ',10000,11,0,NULL),(1737,'装舟','#ff9900','3 ',20000,6.1,0,NULL),(1738,'烧结','#ff00ff','4 ',20000,15.5,0,NULL),(1739,'浸油','#010000','5 ',60000,6.8,0,NULL),(1740,'车外圆','#0000ff','6 ',3500,8.4,0,NULL),(1741,'车第一面1（车端面、车环槽、外圆倒角）','#0000ff','7 ',3500,10.6,0,NULL),(1742,'车第二面（车总长、车锥度、车圆角）','#0000ff','8 ',3500,10.6,0,NULL),(1743,'探伤','#cc99ff','9 ',-1,11,0,NULL),(1744,'粗磨外圆','#0000ff','10 ',40000,9,0,NULL),(1745,'精磨外圆','#0000ff','11 ',35000,9,0,NULL),(1746,'外观检查','#008000','12 ',15000,6.5,0,NULL),(1747,'煮蜡','#010000','13 ',40000,7.2,0,NULL),(1748,'清洗','#00ff00','14 ',-1,6.8,0,NULL),(1749,'包装','#00ff00','15 ',20000,6.5,0,NULL),(1750,'成检','#99cc00','16 ',-1,10.6,0,NULL),(1751,'混料','#ffffff','1 ',265000,7.6,0,NULL),(1752,'压制','#c0c0c0','2 ',8000,11,0,NULL),(1753,'装舟','#ff9900','3 ',20000,6.1,0,NULL),(1754,'烧结','#ff00ff','4 ',20000,15.5,0,NULL),(1755,'浸油','#010000','5 ',20000,6.8,0,NULL),(1756,'车外圆','#0000ff','6 ',5000,8.4,0,NULL),(1757,'车第一面1（车端面、车环槽、外圆倒角）','#0000ff','7 ',5000,10.6,0,NULL),(1758,'车第二面（车总长、车锥度、车圆角）','#0000ff','8 ',5000,10.6,0,NULL),(1759,'粗磨外圆','#0000ff','9 ',25000,9,0,NULL),(1760,'探伤','#cc99ff','9 ',-1,11,0,NULL),(1761,'半精磨外圆','#0000ff','10 ',20000,9,0,NULL),(1762,'精磨外圆','#0000ff','10 ',20000,9,0,NULL),(1763,'外观检查','#008000','11 ',10000,6.5,0,NULL),(1764,'煮蜡','#010000','12 ',10000,7.2,0,NULL),(1765,'清洗','#00ff00','13 ',-1,6.8,0,NULL),(1766,'包装','#00ff00','14 ',20000,50,0,NULL),(1767,'成检','#99cc00','19 ',-1,10.6,0,NULL),(1768,'混料','#ffffff','1 ',265000,7.6,0,NULL),(1769,'压制','#c0c0c0','2 ',8000,11,0,NULL),(1770,'装舟','#ff9900','3 ',20000,6.1,0,NULL),(1771,'烧结','#ff00ff','4 ',20000,15.5,0,NULL),(1772,'浸油','#010000','5 ',20000,6.8,0,NULL),(1773,'车外圆','#0000ff','6 ',5000,8.4,0,NULL),(1774,'车第一面1（车端面、车环槽、外圆倒角）','#0000ff','7 ',5000,10.6,0,NULL),(1775,'车第二面（车总长、车锥度、车圆角）','#0000ff','8 ',5000,10.6,0,NULL),(1776,'粗磨外圆','#0000ff','9 ',25000,9,0,NULL),(1777,'探伤','#cc99ff','10 ',-1,11,0,NULL),(1778,'半精磨外圆','#0000ff','11 ',20000,9,0,NULL),(1779,'精磨外圆','#0000ff','11 ',20000,9,0,NULL),(1780,'外观检查','#008000','12 ',10000,6.5,0,NULL),(1781,'煮蜡','#010000','13 ',10000,7.2,0,NULL),(1782,'清洗','#00ff00','14 ',-1,6.8,0,NULL),(1783,'包装','#00ff00','15 ',20000,50,0,NULL),(1784,'成检','#99cc00','16 ',-1,10.6,0,NULL),(1785,'混料','#ffffff','1 ',226122,7.6,0,NULL),(1786,'压制','#c0c0c0','2',3000,11,0,NULL),(1787,'装舟','#ff9900','3 ',20000,6.1,0,NULL),(1788,'烧结','#ff00ff','4 ',15000,15.5,0,NULL),(1789,'浸油','#010000','5 ',30000,7.2,0,NULL),(1790,'车外圆','#0000ff','6 ',2500,8.4,0,NULL),(1791,'车第一面1（车端面、车环槽、外圆倒角）','#0000ff','7 ',2500,10.6,0,NULL),(1792,'车第二面（车总长、车锥度、车圆角）','#0000ff','8 ',2500,10.6,0,NULL),(1793,'粗磨外圆','#0000ff','9 ',30000,9,0,NULL),(1794,'探伤','#cc99ff','10 ',-1,11,0,NULL),(1795,'精磨外圆','#0000ff','11 ',25000,9,0,NULL),(1796,'外观检查','#008000','12 ',15000,6.5,0,NULL),(1797,'煮蜡','#010000','13 ',30000,7.2,0,NULL),(1798,'清洗','#00ff00','14 ',-1,6.8,0,NULL),(1799,'包装','#00ff00','15 ',20000,6.5,0,NULL),(1800,'成检','#ffffff','16 ',-1,10.6,0,NULL),(1801,'混料','#ffffff','1',197132,7.6,0,NULL),(1802,'压制','#c0c0c0','2',3000,11,0,NULL),(1803,'装舟','#ff9900','3',20000,6.1,0,NULL),(1804,'烧结','#ff00ff','4',15000,15.5,0,NULL),(1805,'浸油','#010000','5',30000,6.8,0,NULL),(1806,'车外圆','#0000ff','6',2500,8.4,0,NULL),(1807,'车第一面1（车端面、车环槽、外圆倒角）','#0000ff','7',2500,10.6,0,NULL),(1808,'车第二面（车总长、车锥度、车圆角）','#0000ff','8',2500,10.6,0,NULL),(1809,'粗磨外圆','#0000ff','9',30000,19.6,0,NULL),(1810,'探伤','#cc99ff','10',-1,11,0,NULL),(1811,'精磨外圆','#0000ff','11',25000,9,0,NULL),(1812,'外观检查','#008000','12',15000,6.5,0,NULL),(1813,'煮蜡','#010000','13',30000,7.2,0,NULL),(1814,'清洗','#00ff00','14',-1,6.8,0,NULL),(1815,'包装','#00ff00','15',20000,6.5,0,NULL),(1816,'成检','#99cc00','16',-1,10.6,0,NULL),(1817,'混料','#ffffff','1 ',160000,7.6,0,NULL),(1818,'压制','#c0c0c0','2 ',4000,11,0,NULL),(1819,'装舟','#ff9900','3 ',20000,6.1,0,NULL),(1820,'烧结','#ff00ff','4 ',20000,15.5,0,NULL),(1821,'浸油','#010000','5 ',40000,12.9,0,NULL),(1822,'车外圆','#0000ff','6 ',3000,8.4,0,NULL),(1823,'车环槽','#0000ff','7 ',3000,10.6,0,NULL),(1824,'车锥度','#0000ff','8 ',3000,10.6,0,NULL),(1825,'探伤','#cc99ff','9 ',-1,11,0,NULL),(1826,'粗磨外圆','#0000ff','10 ',25000,19.6,0,NULL),(1827,'精磨外圆','#0000ff','11 ',25000,19.6,0,NULL),(1828,'外观检查','#008000','12 ',10000,6.5,0,NULL),(1829,'煮蜡','#010000','13 ',20000,7.2,0,NULL),(1830,'清洗','#00ff00','14 ',30000,6.8,0,NULL),(1831,'包装','#00ff00','15 ',20000,6.5,0,NULL),(1832,'成检','#99cc00','16 ',-1,10.6,0,NULL),(1833,'入库','#00ff00','17 ',40000,7.2,0,NULL),(1834,'配、混料','#ffffff','1 ',436364,7.6,0,NULL),(1835,'压    制','#c0c0c0','2 ',3000,11,0,NULL),(1836,'烧    结','#ff00ff','3 ',50000,15.5,0,NULL),(1837,'回火','#ff00ff','4 ',30000,15.5,0,NULL),(1838,'浸    油','#010000','5 ',50000,12.9,0,NULL),(1839,'光    饰','#ff9900','6 ',50000,6.8,0,NULL),(1840,'粗磨两端面','#0000ff','7 ',20000,10.6,0,NULL),(1841,'精磨两端面','#0000ff','8 ',20000,10.6,0,NULL),(1842,'粗磨外圆','#0000ff','9 ',20000,19.6,0,NULL),(1843,'车R圆角、锥度','#0000ff','10 ',3000,10.6,0,NULL),(1844,'车倒角','#0000ff','11 ',3000,10.6,0,NULL),(1845,'光    饰','#ff9900','12 ',50000,6.8,0,NULL),(1846,'精磨外圆','#0000ff','13 ',20000,19.6,0,NULL),(1847,'外观检查','#008000','14 ',10000,6.5,0,NULL),(1848,'煮    油','#010000','15 ',20000,7.2,0,NULL),(1849,'清    洗','#00ff00','16 ',20000,6.8,0,NULL),(1850,'包    装','#00ff00','17 ',20000,6.5,0,NULL),(1851,'成品检验','#99cc00','18 ',-1,10.6,0,NULL),(1852,'入库','#00ff00','19 ',40000,7.2,0,NULL),(1853,'混料','#ffffff','1 ',16000,7.6,0,NULL),(1854,'压制','#c0c0c0','2 ',6000,11,0,NULL),(1855,'装舟','#ff9900','3 ',20000,6.1,0,NULL),(1856,'烧结','#ff00ff','4 ',20000,15.5,0,NULL),(1857,'浸油','#010000','5 ',40000,12.9,0,NULL),(1858,'车外圆','#0000ff','6 ',3500,8.4,0,NULL),(1859,'车环槽部位','#0000ff','7 ',3500,10.6,0,NULL),(1860,'车锥度','#0000ff','8 ',3500,10.6,0,NULL),(1861,'探伤','#cc99ff','9 ',-1,11,0,NULL),(1862,'粗磨外圆','#0000ff','10 ',30000,19.6,0,NULL),(1863,'半精磨外圆','#0000ff','11 ',30000,19.6,0,NULL),(1864,'精磨外圆','#0000ff','12 ',30000,19.6,0,NULL),(1865,'外观检查','#008000','13 ',10000,6.5,0,NULL),(1866,'煮蜡','#010000','14 ',30000,7.2,0,NULL),(1867,'清洗','#00ff00','15 ',30000,6.8,0,NULL),(1868,'包装','#00ff00','16 ',20000,6.5,0,NULL),(1869,'成检','#99cc00','17 ',-1,10.6,0,NULL),(1870,'入库','#00ff00','18 ',40000,7.2,0,NULL),(1871,'混料','#ffffff','1 ',225000,7.6,0,NULL),(1872,'压制','#c0c0c0','2 ',10000,11,0,NULL),(1873,'装舟','#ff9900','3 ',20000,6.1,0,NULL),(1874,'烧结','#ff00ff','4 ',20000,15.5,0,NULL),(1875,'正火','#ff00ff','5 ',20000,15.5,0,NULL),(1876,'浸油','#010000','6 ',40000,6.8,0,NULL),(1877,'车外圆','#0000ff','7 ',4000,8.4,0,NULL),(1878,'车第一面1（车端面、车环槽、外圆倒角）','#0000ff','8 ',4000,10.6,0,NULL),(1879,'车第二面（车总长、车锥度、车圆角）','#0000ff','9 ',4000,10.6,0,NULL),(1880,'探伤','#cc99ff','10 ',-1,0,0,NULL),(1881,'粗磨外圆','#0000ff','11 ',20000,9,0,NULL),(1882,'精磨外圆','#0000ff','12 ',30000,9,0,NULL),(1883,'外观检查','#008000','13 ',15000,6.5,0,NULL),(1884,'煮蜡','#010000','14 ',35000,7.2,0,NULL),(1885,'清洗','#00ff00','15 ',-1,6.8,0,NULL),(1886,'包装','#00ff00','16 ',20000,6.5,0,NULL),(1887,'混料','#ffffff','1 ',225000,7.6,0,NULL),(1888,'压制','#c0c0c0','2 ',10000,11,0,NULL),(1889,'装舟','#ff9900','3 ',20000,6.1,0,NULL),(1890,'烧结','#ff00ff','4 ',20000,15.5,0,NULL),(1891,'浸油','#010000','5 ',40000,6.8,0,NULL),(1892,'车外圆','#0000ff','6 ',4000,8.4,0,NULL),(1893,'车第一面1（车端面、车环槽、外圆倒角）','#0000ff','7 ',4000,10.6,0,NULL),(1894,'车第二面（车总长、车锥度、车圆角）','#0000ff','8 ',4000,10.6,0,NULL),(1895,'粗磨外圆','#0000ff','9 ',35000,9,0,NULL),(1896,'精磨外圆','#0000ff','10 ',30000,9,0,NULL),(1897,'外观检查','#008000','11 ',15000,6.5,0,NULL),(1898,'煮蜡','#010000','12 ',35000,7.2,0,NULL),(1899,'清洗','#00ff00','13 ',-1,6.8,0,NULL),(1900,'包装','#00ff00','14 ',20000,6.5,0,NULL),(1901,'混料','#ffffff','1 ',445000,7.6,0,NULL),(1902,'压制','#c0c0c0','2 ',4000,11,0,NULL),(1903,'装舟','#ff9900','3 ',20000,6.1,0,NULL),(1904,'烧结','#ff00ff','4 ',20000,15.5,0,NULL),(1905,'浸油','#010000','5 ',60000,6.8,0,NULL),(1906,'车外圆','#0000ff','6 ',3000,8.4,0,NULL),(1907,'车第一面1（车端面、车环槽、外圆倒角）','#0000ff','7 ',3000,10.6,0,NULL),(1908,'车第二面（车总长、车锥度、车圆角）','#0000ff','8 ',3000,10.6,0,NULL),(1909,'探伤','#cc99ff','9 ',-1,0,0,NULL),(1910,'精磨外圆','#0000ff','10 ',30000,9,0,NULL),(1911,'外观检查','#008000','11 ',10000,6.5,0,NULL),(1912,'煮蜡','#010000','12 ',30000,7.2,0,NULL),(1913,'清洗','#00ff00','13 ',-1,0,0,NULL),(1914,'包装','#00ff00','14 ',20000,6.5,0,NULL),(1915,'混料','#ffffff','1 ',365000,7.6,0,NULL),(1916,'压制','#c0c0c0','2 ',6000,11,0,NULL),(1917,'装舟','#ff9900','3 ',20000,6.1,0,NULL),(1918,'烧结','#ff00ff','4 ',20000,15.5,0,NULL),(1919,'浸油','#010000','5 ',60000,6.8,0,NULL),(1920,'车外圆','#0000ff','6 ',3000,8.4,0,NULL),(1921,'车第一面1（车端面、车环槽、外圆倒角）','#0000ff','7 ',3000,10.6,0,NULL),(1922,'车第二面（车总长、车锥度、车圆角）','#0000ff','8 ',3000,10.6,0,NULL),(1923,'探伤','#cc99ff','9 ',-1,0,0,NULL),(1924,'精磨外圆','#0000ff','10 ',30000,9,0,NULL),(1925,'外观检查','#008000','11 ',10000,6.5,0,NULL),(1926,'煮蜡','#010000','12 ',30000,7.2,0,NULL),(1927,'清洗','#00ff00','13 ',-1,0,0,NULL),(1928,'包装','#00ff00','14 ',20000,6.5,0,NULL),(1929,'成检','#99cc00','15 ',-1,10.6,0,NULL),(1930,'混料','#ffffff','1 ',385000,7.6,0,NULL),(1931,'压制','#c0c0c0','2 ',4000,11,0,NULL),(1932,'装舟','#ff9900','3 ',20000,6.1,0,NULL),(1933,'烧结','#ff00ff','4 ',20000,15.5,0,NULL),(1934,'浸油','#010000','5 ',40000,12.9,0,NULL),(1935,'车外圆','#0000ff','6 ',4000,8.4,0,NULL),(1936,'车第一面1（车端面、车环槽、外圆倒角）','#0000ff','7 ',4000,10.6,0,NULL),(1937,'车第二面（车总长、车锥度、车圆角）','#0000ff','8 ',4000,10.6,0,NULL),(1938,'探伤','#cc99ff','9 ',-1,11,0,NULL),(1939,'粗磨外圆','#0000ff','10 ',35000,19.6,0,NULL),(1940,'精磨外圆','#0000ff','11 ',35000,19.6,0,NULL),(1941,'外观检查','#008000','12 ',10000,6.5,0,NULL),(1942,'煮蜡','#010000','13 ',30000,7.2,0,NULL),(1943,'清洗','#00ff00','14 ',30000,6.8,0,NULL),(1944,'包装','#00ff00','15 ',20000,6.5,0,NULL),(1945,'成检','#99cc00','16 ',-1,10.6,0,NULL),(1946,'入库','#00ff00','17 ',40000,7.2,0,NULL),(1947,'配、混料','#ffffff','1 ',1028571,7.6,0,NULL),(1948,'压    制','#c0c0c0','2 ',5000,11,0,NULL),(1949,'烧    结','#ff00ff','3 ',50000,15.5,0,NULL),(1950,'正火','#ff00ff','4 ',20000,15.5,0,NULL),(1951,'浸    油','#010000','5 ',50000,6.8,0,NULL),(1952,'光    饰','#ff9900','6 ',50000,6.8,0,NULL),(1953,'磨两端面','#0000ff','7 ',8000,9,0,NULL),(1954,'粗磨外圆','#0000ff','8 ',35000,9,0,NULL),(1955,'车锥度、圆角','#0000ff','9 ',5500,10.6,0,NULL),(1956,'车倒角','#0000ff','10 ',5500,10.6,0,NULL),(1957,'光    饰','#ff9900','11 ',50000,6.8,0,NULL),(1958,'探    伤','#cc99ff','12 ',-1,11,0,NULL),(1959,'精磨外圆','#0000ff','13 ',30000,9,0,NULL),(1960,'外观检查','#008000','14 ',15000,6.5,0,NULL),(1961,'煮    油','#010000','15 ',40000,7.2,0,NULL),(1962,'清    洗','#00ff00','16 ',-1,6.8,0,NULL),(1963,'包    装','#00ff00','17 ',20000,6.5,0,NULL),(1964,'成品检验','#99cc00','18 ',-1,10.6,0,NULL),(1965,'混料','#ffffff','1 ',225672,7.6,0,NULL),(1966,'压制','#c0c0c0','2 ',8000,11,0,NULL),(1967,'装舟','#ff9900','3 ',20000,6.1,0,NULL),(1968,'烧结','#ff00ff','4 ',20000,15.5,0,NULL),(1969,'浸油','#010000','5 ',40000,6.8,0,NULL),(1970,'车外圆','#0000ff','6 ',4000,8.4,0,NULL),(1971,'车第一面1（车端面、车环槽、外圆倒角）','#0000ff','7 ',4000,10.6,0,NULL),(1972,'车第二面（车总长、车锥度、车圆角）','#0000ff','8 ',4000,10.6,0,NULL),(1973,'粗磨外圆','#0000ff','9 ',35000,9,0,NULL),(1974,'探伤','#cc99ff','10 ',-1,0,0,NULL),(1975,'精磨外圆','#0000ff','11 ',30000,9,0,NULL),(1976,'外观检查','#008000','12 ',15000,6.5,0,NULL),(1977,'煮蜡','#010000','13 ',40000,7.2,0,NULL),(1978,'清洗','#00ff00','14 ',-1,6.8,0,NULL),(1979,'包装','#00ff00','15 ',20000,6.5,0,NULL),(1980,'混料','#ffffff','1 ',251492,7.6,0,NULL),(1981,'压制','#c0c0c0','2 ',10000,11,0,NULL),(1982,'装舟','#ff9900','3 ',15000,6.1,0,NULL),(1983,'烧结','#ff00ff','4 ',20000,15.5,0,NULL),(1984,'浸油','#010000','5 ',40000,6.8,0,NULL),(1985,'车外圆','#0000ff','6 ',3500,8.4,0,NULL),(1986,'车第一面1（车端面、车环槽、外圆倒角）','#0000ff','7 ',3500,10.6,0,NULL),(1987,'车第二面（车总长、车锥度、车圆角）','#0000ff','8 ',3500,10.6,0,NULL),(1988,'粗磨外圆','#0000ff','9 ',25000,9,0,NULL),(1989,'探伤','#cc99ff','10 ',-1,11,0,NULL),(1990,'精磨外圆','#0000ff','11 ',20000,9,0,NULL),(1991,'外观检查','#008000','12 ',10000,6.5,0,NULL),(1992,'煮蜡','#010000','13 ',35000,7.2,0,NULL),(1993,'清洗','#00ff00','14 ',10000,6.8,0,NULL),(1994,'包装','#00ff00','15 ',10000,6.5,0,NULL),(1995,'配、混料','#ffffff','1 ',1152000,7.6,0,NULL),(1996,'压    制','#c0c0c0','2 ',8000,11,0,NULL),(1997,'烧    结','#ff00ff','3 ',40000,15.5,0,NULL),(1998,'浸    油','#010000','4 ',50000,6.8,0,NULL),(1999,'光    饰','#ff9900','5 ',20000,6.8,0,NULL),(2000,'粗磨大端面','#0000ff','6 ',8000,9,0,NULL),(2001,'磨两端面','#0000ff','7 ',6000,9,0,NULL),(2002,'粗磨外圆','#0000ff','8 ',25000,9,0,NULL),(2003,'车锥度、圆角','#0000ff','9 ',5500,10.6,0,NULL),(2004,'车倒角','#0000ff','10 ',5500,10.6,0,NULL),(2005,'光    饰','#ff9900','11 ',20000,6.8,0,NULL),(2006,'精磨外圆','#0000ff','12 ',20000,9,0,NULL),(2007,'外观检查','#008000','13 ',10000,6.5,0,NULL),(2008,'煮    油','#010000','14 ',40000,7.2,0,NULL),(2009,'清    洗','#00ff00','15 ',-1,6.8,0,NULL),(2010,'包    装','#00ff00','16 ',20000,6.5,0,NULL),(2011,'成品检验','#99cc00','17 ',-1,10.6,0,NULL),(2012,'配、混料','#ffffff','1 ',514286,7.6,0,NULL),(2013,'压    制','#c0c0c0','2 ',8000,11,0,NULL),(2014,'烧    结','#ff00ff','3 ',40000,15.5,0,NULL),(2015,'浸    油','#010000','4 ',50000,6.8,0,NULL),(2016,'光    饰','#ff9900','5 ',20000,6.8,0,NULL),(2017,'粗磨大端面','#0000ff','6 ',8000,9,0,NULL),(2018,'磨两端面','#0000ff','7 ',6000,9,0,NULL),(2019,'粗磨外圆','#0000ff','8 ',25000,9,0,NULL),(2020,'车锥度、圆角','#0000ff','9 ',5500,10.6,0,NULL),(2021,'车倒角','#0000ff','10 ',5500,10.6,0,NULL),(2022,'光    饰','#ff9900','11 ',20000,6.8,0,NULL),(2023,'精磨外圆','#0000ff','12 ',25000,9,0,NULL),(2024,'外观检查','#008000','13 ',10000,6.5,0,NULL),(2025,'煮    油','#010000','14 ',20000,7.2,0,NULL),(2026,'清    洗','#00ff00','15 ',-1,6.8,0,NULL),(2027,'包    装','#00ff00','16 ',20000,50,0,NULL),(2028,'成品检验','#99cc00','17 ',-1,10.6,0,NULL),(2029,'混料','#ffffff','1 ',654545,7.6,0,NULL),(2030,'压制','#c0c0c0','2 ',10000,11,0,NULL),(2031,'装舟','#ff9900','3 ',20000,6.1,0,NULL),(2032,'烧结','#ff00ff','4 ',20000,15.5,0,NULL),(2033,'浸油','#010000','5 ',40000,6.8,0,NULL),(2034,'车外圆','#0000ff','6 ',3500,8.4,0,NULL),(2035,'车第一面1（车端面、车环槽、外圆倒角）','#0000ff','7 ',3500,10.6,0,NULL),(2036,'车第二面（车总长、车锥度、车圆角）','#0000ff','8 ',3500,10.6,0,NULL),(2037,'探伤','#cc99ff','9 ',30000,11,0,NULL),(2038,'粗磨外圆','#0000ff','10 ',20000,9,0,NULL),(2039,'精磨外圆','#0000ff','11 ',30000,9,0,NULL),(2040,'外观检查','#008000','12 ',15000,10.6,0,NULL),(2041,'煮蜡','#010000','13 ',40000,7.2,0,NULL),(2042,'清洗','#00ff00','14 ',-1,6.8,0,NULL),(2043,'包装','#00ff00','15 ',20000,6.5,0,NULL),(2044,'混料','#ffffff','1 ',654545,7.6,0,NULL),(2045,'压制','#c0c0c0','2 ',6000,11,0,NULL),(2046,'装舟','#ff9900','3 ',20000,6.1,0,NULL),(2047,'烧结','#ff00ff','4 ',40000,15.5,0,NULL),(2048,'浸油','#010000','5 ',60000,6.8,0,NULL),(2049,'车外圆','#0000ff','6 ',4000,8.4,0,NULL),(2050,'车第一面1（车端面、车环槽、外圆倒角）','#0000ff','7 ',4000,10.6,0,NULL),(2051,'车第二面（车总长、车锥度、车圆角）','#0000ff','8 ',4000,10.6,0,NULL),(2052,'探伤','#cc99ff','9 ',-1,0,0,NULL),(2053,'粗磨外圆','#0000ff','10 ',40000,9,0,NULL),(2054,'精磨外圆','#0000ff','11 ',35000,9,0,NULL),(2055,'外观检查','#008000','12 ',15000,6.5,0,NULL),(2056,'煮蜡','#010000','13 ',40000,7.2,0,NULL),(2057,'清洗','#00ff00','14 ',-1,6.8,0,NULL),(2058,'包装','#00ff00','15 ',20000,6.5,0,NULL),(2059,'成检','#ffffff','16 ',-1,10.6,0,NULL),(2060,'混料','#ffffff','1 ',654545,7.6,0,NULL),(2061,'压制','#c0c0c0','2 ',10000,11,0,NULL),(2062,'装舟','#ff9900','3 ',20000,6.1,0,NULL),(2063,'烧结','#ff00ff','4 ',40000,15.5,0,NULL),(2064,'浸油','#010000','5 ',60000,6.8,0,NULL),(2065,'车外圆','#0000ff','6 ',4000,8.4,0,NULL),(2066,'车第一面1（车端面、车环槽、外圆倒角）','#0000ff','7 ',4000,10.6,0,NULL),(2067,'车第二面（车总长、车锥度、车圆角）','#0000ff','8 ',4000,10.6,0,NULL),(2068,'探伤','#cc99ff','9 ',-1,11,0,NULL),(2069,'粗磨外圆','#0000ff','10 ',40000,9,0,NULL),(2070,'精磨外圆','#0000ff','11 ',35000,9,0,NULL),(2071,'外观检查','#008000','12 ',15000,6.5,0,NULL),(2072,'煮蜡','#010000','13 ',40000,7.2,0,NULL),(2073,'清洗','#00ff00','14 ',-1,6.8,0,NULL),(2074,'包装','#00ff00','15 ',20000,6.5,0,NULL),(2075,'成检','#ffffff','16 ',-1,10.6,0,NULL),(2076,'混料','#ffffff','1 ',385000,7.6,0,NULL),(2077,'压制','#c0c0c0','2 ',6000,11,0,NULL),(2078,'装舟','#ff9900','3 ',20000,6.1,0,NULL),(2079,'烧结','#ff00ff','4 ',20000,15.5,0,NULL),(2080,'浸油','#010000','5 ',40000,12.9,0,NULL),(2081,'车外圆','#0000ff','6 ',4000,8.4,0,NULL),(2082,'车第一面1（车端面、车环槽、外圆倒角）','#0000ff','7 ',4000,10.6,0,NULL),(2083,'车第二面（车总长、车锥度、车圆角）','#0000ff','8 ',4000,10.6,0,NULL),(2084,'粗磨外圆','#0000ff','9 ',30000,19.6,0,NULL),(2085,'半精磨外圆','#0000ff','9 ',30000,19.6,0,NULL),(2086,'精磨外圆','#0000ff','10 ',30000,19.6,0,NULL),(2087,'探伤','#cc99ff','11 ',-1,11,0,NULL),(2088,'外观检查','#008000','12 ',10000,6.5,0,NULL),(2089,'煮蜡','#010000','13 ',30000,7.2,0,NULL),(2090,'清洗','#00ff00','14 ',30000,6.8,0,NULL),(2091,'包装','#00ff00','15 ',20000,6.5,0,NULL),(2092,'成检','#99cc00','16 ',-1,10.6,0,NULL),(2093,'入库','#00ff00','17 ',40000,7.2,0,NULL),(2094,'混料','#ffffff','1 ',160000,7.6,0,NULL),(2095,'压制','#c0c0c0','2 ',8000,11,0,NULL),(2096,'装舟','#ff9900','3 ',20000,6.1,0,NULL),(2097,'烧结','#ff00ff','4 ',20000,15.5,0,NULL),(2098,'浸油','#010000','5 ',40000,12.9,0,NULL),(2099,'车外圆','#0000ff','6 ',4000,8.4,0,NULL),(2100,'车第一面1（车端面、车环槽、外圆倒角）','#0000ff','7 ',4000,10.6,0,NULL),(2101,'车第二面（车总长、车锥度、车圆角）','#0000ff','8 ',4000,10.6,0,NULL),(2102,'粗磨外圆','#0000ff','9 ',30000,19.6,0,NULL),(2103,'精磨外圆','#0000ff','10 ',30000,19.6,0,NULL),(2104,'探伤','#cc99ff','11 ',-1,11,0,NULL),(2105,'外观检查','#008000','12 ',10000,6.5,0,NULL),(2106,'煮蜡','#010000','13 ',30000,7.2,0,NULL),(2107,'清洗','#00ff00','14 ',30000,6.8,0,NULL),(2108,'包装','#00ff00','15 ',20000,6.5,0,NULL),(2109,'成检','#99cc00','16 ',-1,10.6,0,NULL),(2110,'入库','#00ff00','17 ',40000,7.2,0,NULL),(2111,'混料','#ffffff','1 ',225000,7.6,0,NULL),(2112,'压制','#c0c0c0','2 ',10000,11,0,NULL),(2113,'装舟','#ff9900','3 ',20000,6.1,0,NULL),(2114,'烧结','#ff00ff','4 ',20000,15.5,0,NULL),(2115,'正火','#ff00ff','5 ',20000,15.5,0,NULL),(2116,'浸油','#010000','6 ',40000,6.8,0,NULL),(2117,'车外圆','#0000ff','7 ',4000,8.4,0,NULL),(2118,'车第一面1（车端面、车环槽、外圆倒角）','#0000ff','8 ',4000,10.6,0,NULL),(2119,'车第二面（车总长、车锥度、车圆角）','#0000ff','9 ',4000,10.6,0,NULL),(2120,'探伤','#cc99ff','10 ',-1,0,0,NULL),(2121,'粗磨外圆','#0000ff','11 ',20000,9,0,NULL),(2122,'精磨外圆','#0000ff','12 ',30000,9,0,NULL),(2123,'外观检查','#008000','13 ',15000,6.5,0,NULL),(2124,'煮蜡','#010000','14 ',35000,7.2,0,NULL),(2125,'清洗','#00ff00','15 ',-1,6.8,0,NULL),(2126,'包装','#00ff00','16 ',20000,6.5,0,NULL),(2127,'混料','#ffffff','1 ',225000,7.6,0,NULL),(2128,'压制','#c0c0c0','2 ',10000,11,0,NULL),(2129,'装舟','#ff9900','3 ',20000,6.1,0,NULL),(2130,'烧结','#ff00ff','4 ',20000,15.5,0,NULL),(2131,'正火','#ff00ff','5 ',20000,15.5,0,NULL),(2132,'浸油','#010000','6 ',40000,6.8,0,NULL),(2133,'车外圆','#0000ff','7 ',4000,8.4,0,NULL),(2134,'车第一面1（车端面、车环槽、外圆倒角）','#0000ff','8 ',4000,10.6,0,NULL),(2135,'车第二面（车总长、车锥度、车圆角）','#0000ff','9 ',4000,10.6,0,NULL),(2136,'探伤','#cc99ff','10 ',-1,0,0,NULL),(2137,'粗磨外圆','#0000ff','11 ',20000,9,0,NULL),(2138,'精磨外圆','#0000ff','12 ',30000,9,0,NULL),(2139,'外观检查','#008000','13 ',15000,6.5,0,NULL),(2140,'煮蜡','#010000','14 ',35000,7.2,0,NULL),(2141,'清洗','#00ff00','15 ',-1,6.8,0,NULL),(2142,'包装','#00ff00','16 ',20000,6.5,0,NULL),(2143,'成检','#99cc00','17 ',-1,10.6,0,NULL),(2144,'配、混料','#ffffff','1 ',436364,7.6,0,NULL),(2145,'压    制','#c0c0c0','2 ',5000,11,0,NULL),(2146,'烧    结','#ff00ff','3 ',50000,15.5,0,NULL),(2147,'浸    油','#010000','4 ',50000,12.9,0,NULL),(2148,'光    饰','#ff9900','5 ',50000,6.8,0,NULL),(2149,'磨两端面','#0000ff','6 ',20000,10.6,0,NULL),(2150,'粗磨外圆','#0000ff','7 ',20000,19.6,0,NULL),(2151,'车一面','#0000ff','8 ',4000,10.6,0,NULL),(2152,'车二面','#0000ff','9 ',4000,10.6,0,NULL),(2153,'光    饰','#ff9900','10 ',50000,6.8,0,NULL),(2154,'探    伤','#cc99ff','11 ',-1,11,0,NULL),(2155,'半精磨外圆','#0000ff','12 ',20000,19.6,0,NULL),(2156,'精磨外圆','#0000ff','13 ',20000,19.6,0,NULL),(2157,'外观检查','#008000','14 ',10000,6.5,0,NULL),(2158,'煮    油','#010000','15 ',20000,7.2,0,NULL),(2159,'清    洗','#00ff00','16 ',20000,6.8,0,NULL),(2160,'包    装','#00ff00','17 ',20000,6.5,0,NULL),(2161,'成品检验','#99cc00','18 ',-1,10.6,0,NULL),(2162,'入库','#00ff00','19 ',40000,7.2,0,NULL),(2163,'配、混料','#ffffff','1 ',500000,15.2,0,NULL),(2164,'压    制','#c0c0c0','2 ',3000,11,0,NULL),(2165,'烧    结','#ff00ff','3 ',20000,15.5,0,NULL),(2166,'回火','#ff00ff','4 ',30000,15.5,0,NULL),(2167,'浸    油','#010000','5 ',40000,7.2,0,NULL),(2168,'光    饰','#ff9900','6 ',30000,6.8,0,NULL),(2169,'粗磨两端面','#0000ff','7 ',4000,9,0,NULL),(2170,'磨两端面','#0000ff','8 ',4000,9,0,NULL),(2171,'精粗磨外圆','#0000ff','9 ',20000,9,0,NULL),(2172,'车R圆角、锥度','#0000ff','10 ',3000,10.6,0,NULL),(2173,'内孔倒角','#0000ff','11 ',3000,8.4,0,NULL),(2174,'光    饰','#ff9900','12 ',30000,6.8,0,NULL),(2175,'精磨外圆','#0000ff','13 ',15000,9,0,NULL),(2176,'外观检查','#008000','14 ',12000,10.6,0,NULL),(2177,'煮    油','#010000','15 ',20000,7.2,0,NULL),(2178,'清    洗','#00ff00','16 ',20000,6.8,0,NULL),(2179,'包    装','#00ff00','17 ',20000,6.5,0,NULL),(2180,'成品检验','#99cc00','18 ',2000,10.6,0,NULL),(2181,'配、混料','#ffffff','1 ',500000,15.2,0,NULL),(2182,'压    制','#c0c0c0','2 ',3000,11,0,NULL),(2183,'烧    结','#ff00ff','3 ',5000,15.5,0,NULL),(2184,'回火','#ff00ff','4 ',30000,15.5,0,NULL),(2185,'浸    油','#010000','5 ',40000,7.2,0,NULL),(2186,'光    饰','#ff9900','6 ',30000,6.8,0,NULL),(2187,'粗磨两端面','#0000ff','7 ',4000,9,0,NULL),(2188,'磨两端面','#0000ff','8 ',4000,9,0,NULL),(2189,'精粗磨外圆','#0000ff','9 ',20000,9,0,NULL),(2190,'车锥度、圆角','#0000ff','10 ',2000,10.6,0,NULL),(2191,'车倒角','#0000ff','11 ',2000,10.6,0,NULL),(2192,'光    饰','#ff9900','12 ',30000,6.8,0,NULL),(2193,'精磨外圆','#0000ff','13 ',15000,9,0,NULL),(2194,'外观检查','#008000','14 ',12000,10.6,0,NULL),(2195,'煮    油','#010000','15 ',20000,7.2,0,NULL),(2196,'清    洗','#00ff00','16 ',20000,6.8,0,NULL),(2197,'包    装','#00ff00','17 ',20000,6.5,0,NULL),(2198,'成品检验','#99cc00','18 ',2000,10.6,0,NULL),(2199,'配、混料','#ffffff','1 ',500000,15.2,0,NULL),(2200,'压    制','#c0c0c0','2 ',3000,11,0,NULL),(2201,'烧    结','#ff00ff','3 ',40000,15.5,0,NULL),(2202,'回火','#ff00ff','4 ',30000,15.5,0,NULL),(2203,'浸    油','#010000','5 ',40000,7.2,0,NULL),(2204,'光    饰','#ff9900','6 ',30000,6.8,0,NULL),(2205,'粗磨两端面','#0000ff','7 ',4000,9,0,NULL),(2206,'磨两端面','#0000ff','8 ',4000,9,0,NULL),(2207,'精粗磨外圆','#0000ff','9 ',20000,9,0,NULL),(2208,'车锥度、圆角','#0000ff','10 ',4000,10.6,0,NULL),(2209,'车倒角','#0000ff','11 ',4000,10.6,0,NULL),(2210,'光    饰','#ff9900','12 ',20000,6.8,0,NULL),(2211,'精磨外圆','#0000ff','13 ',15000,9,0,NULL),(2212,'外观检查','#008000','14 ',12000,10.6,0,NULL),(2213,'煮    油','#010000','15 ',20000,7.2,0,NULL),(2214,'清    洗','#00ff00','16 ',20000,6.8,0,NULL),(2215,'包    装','#00ff00','17 ',20000,6.5,0,NULL),(2216,'成品检验','#99cc00','18 ',2000,10.6,0,NULL),(2217,'配、混料','#ffffff','1 ',500000,15.2,0,NULL),(2218,'压    制','#c0c0c0','2 ',3000,11,0,NULL),(2219,'烧    结','#ff00ff','3 ',20000,15.5,0,NULL),(2220,'回火','#ff00ff','4 ',30000,15.5,0,NULL),(2221,'浸    油','#010000','5 ',40000,7.2,0,NULL),(2222,'光    饰','#ff9900','6 ',30000,6.8,0,NULL),(2223,'粗磨两端面','#0000ff','7 ',4000,9,0,NULL),(2224,'磨两端面','#0000ff','8 ',4000,9,0,NULL),(2225,'精粗磨外圆','#0000ff','9 ',20000,9,0,NULL),(2226,'车锥度、圆角','#0000ff','10 ',3000,10.6,0,NULL),(2227,'车倒角','#0000ff','11 ',3000,10.6,0,NULL),(2228,'光    饰','#ff9900','12 ',30000,6.8,0,NULL),(2229,'精磨外圆','#0000ff','13 ',15000,9,0,NULL),(2230,'外观检查','#008000','14 ',12000,10.6,0,NULL),(2231,'煮    油','#010000','15 ',20000,7.2,0,NULL),(2232,'清    洗','#00ff00','16 ',20000,6.8,0,NULL),(2233,'包    装','#00ff00','17 ',20000,6.5,0,NULL),(2234,'成品检验','#99cc00','18 ',2000,10.6,0,NULL);
/*!40000 ALTER TABLE `processes` ENABLE KEYS */;
UNLOCK TABLES;

--
-- Table structure for table `product`
--

DROP TABLE IF EXISTS `product`;
/*!40101 SET @saved_cs_client     = @@character_set_client */;
/*!40101 SET character_set_client = utf8 */;
CREATE TABLE `product` (
  `Id` int(11) NOT NULL auto_increment,
  `deptId` int(11) default NULL,
  `prolineId` int(11) default NULL,
  `proNo` varchar(20) default NULL,
  `proName` varchar(20) default NULL,
  `proCycle` int(11) default NULL,
  `isDelete` int(11) default '0',
  `deleteTime` date default NULL,
  PRIMARY KEY  (`Id`),
  KEY `FK_Reference_14` (`deptId`),
  KEY `FK_Reference_22` (`prolineId`),
  CONSTRAINT `FK_Reference_14` FOREIGN KEY (`deptId`) REFERENCES `department` (`Id`) ON UPDATE CASCADE,
  CONSTRAINT `FK_Reference_22` FOREIGN KEY (`prolineId`) REFERENCES `productline` (`Id`) ON UPDATE CASCADE
) ENGINE=InnoDB AUTO_INCREMENT=142 DEFAULT CHARSET=utf8;
/*!40101 SET character_set_client = @saved_cs_client */;

--
-- Dumping data for table `product`
--

LOCK TABLES `product` WRITE;
/*!40000 ALTER TABLE `product` DISABLE KEYS */;
INSERT INTO `product` VALUES (1,12,18,'1070107','曲轴链轮总成',5,0,NULL),(2,12,18,'1070103','曲轴链轮总成',5,0,NULL),(3,12,17,'220333','D227一号同步器齿毂',6,0,NULL),(4,12,19,'1111705','410链轮',6,0,NULL),(5,12,19,'1111701','B10',6,0,NULL),(6,12,18,'760101','483凸轮轴带轮',5,0,NULL),(7,12,18,'010109','474凸轮轴正时皮带轮',4,0,NULL),(8,12,18,'190101','474凸轮轴正时皮带轮',4,0,NULL),(9,12,18,'010111','474Q-1A曲轴正时皮带轮',4,0,NULL),(10,12,18,'030111','474QE2曲轴正时皮带轮',4,0,NULL),(11,12,18,'190102','474Q1曲轴正时皮带轮',4,0,NULL),(12,12,18,'030117','465Q凸轮轴正时皮带轮',3,0,NULL),(13,12,18,'030113','465Q-1A凸轮轴正时皮带轮',3,0,NULL),(14,12,18,'020104','465Q凸轮轴正时皮带轮',3,0,NULL),(15,12,18,'020105','465-1A凸轮轴正时皮带轮',3,0,NULL),(16,12,17,'020302','462低速齿榖',6,0,NULL),(17,12,18,'010103','368凸轮轴正时皮带轮',3,0,NULL),(18,12,19,'1030101','凸轮轴皮带轮',4,0,NULL),(19,12,19,' 350101','凸轮轴皮带轮',4,0,NULL),(20,12,19,'560108','凸轮轴皮带轮',4,0,NULL),(21,12,19,'560107','凸轮轴皮带轮',4,0,NULL),(22,12,17,'220317','5GA三四档齿毂',7,0,NULL),(23,12,18,'020119','4G1凸轮轴正时皮带轮',4,0,NULL),(24,12,19,'1111706','凸轮轴链轮',5,0,NULL),(25,12,18,'190103','474Q曲轴正时皮带轮',4,0,NULL),(26,12,18,'200104','480凸轮轴带轮',5,0,NULL),(27,12,18,'560104','凸轮轴皮带轮',4,0,NULL),(28,12,19,'560101','江铃凸轮轴皮带轮',4,0,NULL),(29,12,18,'670101','483凸轮轴带轮',5,0,NULL),(30,12,18,'670103','479凸轮轴带轮',4,0,NULL),(31,12,18,'010101','462凸轮轴正时皮带轮',3,0,NULL),(32,12,18,'200102','372凸轮轴皮带轮',3,0,NULL),(34,12,18,'020120','4G1曲轴正时齿轮总称',4,0,NULL),(35,12,18,'560105','江铃曲轴皮带轮',4,0,NULL),(36,12,18,'560106','江铃喷油泵皮带轮',4,0,NULL),(37,12,17,'020307','BS09-3高速齿毂',5,0,NULL),(38,12,17,'020306','BS09高速齿榖',5,0,NULL),(39,12,17,'020304','BS10-2倒五档齿壳',5,0,NULL),(40,12,17,'020314','BS10-4低速齿榖',6,0,NULL),(41,12,17,'020309','BS10-5高速齿毂',5,0,NULL),(42,12,17,'020310','BS10-5五档齿壳',5,0,NULL),(43,12,17,'020303','BS10低速齿壳',5,0,NULL),(44,12,17,'020305','BS10高速齿壳',5,0,NULL),(45,12,17,'020327','BS14R低速同步器齿毂',5,0,NULL),(46,12,17,'020328','BS14R高速同步器齿毂',5,0,NULL),(47,12,17,'020329','BS14R五档同步器齿毂',5,0,NULL),(48,12,17,'020325-2','BS15三四档同步器齿毂',6,0,NULL),(49,12,17,'020326-2','BS15五倒档同步器齿毂',6,0,NULL),(50,12,17,'020324-2','BS15一二档同步器齿毂',6,0,NULL),(51,12,18,'010116','C20曲轴正时皮带轮',6,0,NULL),(52,12,18,'010115','C20凸轮轴正时皮带轮',4,0,NULL),(53,12,17,'220334','D227二号同步器齿毂',6,0,NULL),(54,12,17,'220327','F041A三四档齿毂',6,0,NULL),(55,12,17,'220328','F041A五档齿毂',6,0,NULL),(56,12,17,'220329','F041A一二档齿毂',6,0,NULL),(57,12,19,'351701','链轮',5,0,NULL),(58,12,18,'350106','曲轴正时皮带轮',4,0,NULL),(59,12,18,'350104','燃油泵带轮',4,0,NULL),(60,12,18,'350105','凸轮轴皮带轮',4,0,NULL),(61,12,18,'635002','动力输出滑套',4,0,NULL),(62,12,18,'635001','定位垫圈',3,0,NULL),(63,12,18,'130101','庆铃凸轮轴皮带轮',4,0,NULL),(64,12,18,'130102','庆铃油泵带轮',4,0,NULL),(65,12,18,'1130103','油泵轴轴传动齿形带轮',4,0,NULL),(66,12,19,'381701','凸轮轴链轮',4,0,NULL),(67,12,18,'560109','江铃凸轮轴皮带轮',4,0,NULL),(68,12,17,'1191701','凸轮轴链轮',4,0,NULL),(69,12,19,'1191702','凸轮轴链轮',5,0,NULL),(70,12,16,'800101','1#皮带轮',2,0,NULL),(71,12,17,'220321','035E倒五档齿毂',6,0,NULL),(72,12,17,'220331','035T倒五档齿毂',6,0,NULL),(73,12,17,'220335','一号齿毂',6,0,NULL),(74,12,17,'220336','二号齿毂',6,0,NULL),(75,12,17,'220337','三号号齿毂',6,0,NULL),(76,12,19,'560103','凸轮轴皮带轮',4,0,NULL),(81,12,17,'220332','C50三号同步器齿毂',5,0,NULL),(85,12,19,'031705','270凸轮轴正时链轮',4,0,NULL),(86,11,14,'380501','4A9进气阀座',3,0,NULL),(87,11,14,'380502','4A9排气阀座',3,0,NULL),(88,11,15,'380403','4A9气门导管',3,0,NULL),(89,11,15,'520412','5VL进气门导管',3,0,NULL),(90,11,14,'850501','33K进气门座',3,0,NULL),(91,11,15,'940401','270进气门导管',3,0,NULL),(92,11,15,'940402','270排气门导管',3,0,NULL),(93,11,14,'760503','BYD473进气阀座',3,0,NULL),(94,11,14,'760504','473排气阀座',3,0,NULL),(95,11,14,'010507','JL474Q进气阀座',3,0,NULL),(96,11,14,'010508','JL474Q排气阀座',3,0,NULL),(97,11,14,'1210501','A12进气门座',3,0,NULL),(98,11,14,'1210502','A12排气门座',3,0,NULL),(99,11,14,'010514','ＣＡ２０进气门座',3,0,NULL),(100,11,14,'010515','CA20排气阀座',3,0,NULL),(101,11,15,'010405','C20气门导管',3,0,NULL),(102,11,14,'010516','CC进气门座',3,0,NULL),(103,11,14,'010517','CC排气门座',3,0,NULL),(104,11,14,'010520','D18T进气门座',3,0,NULL),(105,11,14,'010521','D18T排气门座',3,0,NULL),(106,11,15,'010408','D18T气门导管',3,0,NULL),(107,11,14,'020504','DA462排气门座',3,0,NULL),(108,11,15,'020407','DA465QA气门导管',3,0,NULL),(109,11,15,'020406','DA471QL气门导管',3,0,NULL),(110,11,14,'010527','EA12排气门座',3,0,NULL),(111,11,15,'010406','JL466Q气门导管',3,0,NULL),(112,11,15,'010403','JL474气门导管',3,0,NULL),(113,11,15,'760401','比亚迪进气门导管',3,0,NULL),(114,11,15,'760402','比亚迪排气门导管',3,0,NULL),(115,11,15,'910402','伊朗排气门导管',3,0,NULL),(116,11,15,'910401','伊朗进气门导管',3,0,NULL),(117,11,15,'850401','一汽JB8气门导管',3,0,NULL),(118,11,14,'850502','一汽JB8、KV6排气门座',3,0,NULL),(119,11,15,'850403','一汽46K气门导管',3,0,NULL),(121,11,15,'990401','天内376气门导管',3,0,NULL),(122,11,15,'380402','排气门导管',3,0,NULL),(123,11,15,'380401','进气门导管',3,0,NULL),(124,11,15,'1210401','气门导管',3,0,NULL),(125,11,14,'200501','奇瑞372进气阀座',3,0,NULL),(126,11,15,'050402','绵阳491排气门导管',3,0,NULL),(127,11,15,'030402','LJ465Q气门导管',3,0,NULL),(128,11,14,'030507','LJ465Q排气门座',3,0,NULL),(129,11,14,'030506','LJ465Q 进气阀座',3,0,NULL),(130,11,15,'510419','嘉本气门导管',3,0,NULL),(131,11,15,'510415','嘉本排气门导管',3,0,NULL),(132,11,15,'510414','嘉本进气门导管',3,0,NULL),(133,11,15,'010407','气门导管',3,0,NULL),(134,11,15,'1040402','气门导管',3,0,NULL),(136,11,15,'990403','气门导管',3,0,NULL),(137,11,14,'010526','EA12进气门座',3,0,NULL),(138,11,14,'1070501','20442011F进气门座',3,0,NULL),(139,11,14,'1070502','B0440013A进气门座',3,0,NULL),(140,11,14,'1070503','20442012F排气门座',3,0,NULL),(141,11,14,'1070504','B0440014A进气门座',3,0,NULL);
/*!40000 ALTER TABLE `product` ENABLE KEYS */;
UNLOCK TABLES;

--
-- Table structure for table `productline`
--

DROP TABLE IF EXISTS `productline`;
/*!40101 SET @saved_cs_client     = @@character_set_client */;
/*!40101 SET character_set_client = utf8 */;
CREATE TABLE `productline` (
  `Id` int(11) NOT NULL auto_increment,
  `lineNo` int(11) default NULL,
  `lineDesc` varchar(20) default NULL,
  `isDelete` int(11) default '0',
  `deleteTime` date default NULL,
  PRIMARY KEY  (`Id`)
) ENGINE=InnoDB AUTO_INCREMENT=20 DEFAULT CHARSET=utf8;
/*!40101 SET character_set_client = @saved_cs_client */;

--
-- Dumping data for table `productline`
--

LOCK TABLES `productline` WRITE;
/*!40000 ALTER TABLE `productline` DISABLE KEYS */;
INSERT INTO `productline` VALUES (1,101,'轴承盖坯件生产线',0,NULL),(2,102,'轴承盖加工生产1线',0,NULL),(3,103,'轴承盖加工生产2线',0,NULL),(4,201,'摇臂、凸轮轴轴承盖生产线',0,NULL),(5,202,'同步器总成生产线',0,NULL),(6,301,'铸造生产线',0,NULL),(7,302,'进气歧管加工生产线',0,NULL),(8,303,'机油泵生产线',0,NULL),(9,304,'凸轮轴生产线',0,NULL),(10,401,'小件压制生产线',0,NULL),(11,402,'油泵齿轮齿圈及转子加工生产线',0,NULL),(12,403,'齿毂、链轮加工生产线',0,NULL),(13,404,'皮带轮及综合小件加工生产线',0,NULL),(14,501,'阀座生产线',0,NULL),(15,502,'导管生产线',0,NULL),(16,601,'依纳皮带轮生产线',0,NULL),(17,602,'齿毂生产线',0,NULL),(18,603,'皮带轮生产线',0,NULL),(19,604,'链轮生产线',0,NULL);
/*!40000 ALTER TABLE `productline` ENABLE KEYS */;
UNLOCK TABLES;

--
-- Table structure for table `prohash`
--

DROP TABLE IF EXISTS `prohash`;
/*!40101 SET @saved_cs_client     = @@character_set_client */;
/*!40101 SET character_set_client = utf8 */;
CREATE TABLE `prohash` (
  `Id` int(11) NOT NULL auto_increment,
  `proNo` varchar(20) default NULL,
  `date` varchar(20) default NULL,
  `own` int(11) default NULL,
  PRIMARY KEY  (`Id`)
) ENGINE=InnoDB AUTO_INCREMENT=132 DEFAULT CHARSET=utf8;
/*!40101 SET character_set_client = @saved_cs_client */;

--
-- Dumping data for table `prohash`
--

LOCK TABLES `prohash` WRITE;
/*!40000 ALTER TABLE `prohash` DISABLE KEYS */;
INSERT INTO `prohash` VALUES (1,'1070107','',0),(2,'1070103','',0),(3,'220333','',0),(4,'1111705','',0),(5,'1111701','',0),(6,'760101','',0),(7,'010109','',0),(8,'190101','',0),(9,'010111','',0),(10,'030111','',0),(11,'190102','',0),(12,'030117','',0),(13,'030113','',0),(14,'020104','',0),(15,'020105','',0),(16,'020302','',0),(17,'010103','',0),(18,'1030101','',0),(19,' 350101','',0),(20,'560108','',0),(21,'560107','',0),(22,'220317','',0),(23,'020119','',0),(24,'1111706','',0),(25,'190103','',0),(26,'200104','',0),(27,'560104','',0),(28,'560101','',0),(29,'670101','',0),(30,'670103','',0),(31,'010101','',0),(32,'200102','',0),(33,'020120','',0),(34,'560105','',0),(35,'560106','',0),(36,'020307','',0),(37,'020306','',0),(38,'020304','',0),(39,'020314','',0),(40,'020309','',0),(41,'020310','',0),(42,'020303','',0),(43,'020305','',0),(44,'020327','',0),(45,'020328','',0),(46,'020329','',0),(47,'020325-2','',0),(48,'020326-2','',0),(49,'020324-2','',0),(50,'010116','',0),(51,'010115','',0),(52,'220334','',0),(53,'220327','',0),(54,'220328','',0),(55,'220329','',0),(56,'351701','',0),(57,'350106','',0),(58,'350104','',0),(59,'350105','',0),(60,'635002','',0),(61,'635001','',0),(62,'130101','',0),(63,'130102','',0),(64,'1130103','',0),(65,'381701','',0),(66,'560109','',0),(67,'1191701','',0),(68,'1191702','',0),(69,'800101','',0),(70,'220321','',0),(71,'220331','',0),(72,'220335','',0),(73,'220336','',0),(74,'220337','',0),(75,'560103','',0),(76,'220332','',0),(77,'031705','',0),(78,'380501','',0),(79,'380502','',0),(80,'380403','',0),(81,'520412','',0),(82,'850501','',0),(83,'940401','',0),(84,'940402','',0),(85,'760503','',0),(86,'760504','',0),(87,'010507','',0),(88,'010508','',0),(89,'1210501','',0),(90,'1210502','',0),(91,'010514','',0),(92,'010515','',0),(93,'010405','',0),(94,'010516','',0),(95,'010517','',0),(96,'010520','',0),(97,'010521','',0),(98,'010408','',0),(99,'020504','',0),(100,'020407','',0),(101,'020406','',0),(102,'010527','',0),(103,'010406','',0),(104,'010403','',0),(105,'760401','',0),(106,'760402','',0),(107,'910402','',0),(108,'910401','',0),(109,'850401','',0),(110,'850502','',0),(111,'850403','',0),(112,'990401','',0),(113,'380402','',0),(114,'380401','',0),(115,'1210401','',0),(116,'200501','',0),(117,'050402','',0),(118,'030402','',0),(119,'030507','',0),(120,'030506','',0),(121,'510419','',0),(122,'510415','',0),(123,'510414','',0),(124,'010407','',0),(125,'1040402','',0),(126,'990403','',0),(127,'010526','',0),(128,'1070501','',0),(129,'1070502','',0),(130,'1070503','',0),(131,'1070504','',0);
/*!40000 ALTER TABLE `prohash` ENABLE KEYS */;
UNLOCK TABLES;

--
-- Table structure for table `scheduletab`
--

DROP TABLE IF EXISTS `scheduletab`;
/*!40101 SET @saved_cs_client     = @@character_set_client */;
/*!40101 SET character_set_client = utf8 */;
CREATE TABLE `scheduletab` (
  `Id` int(11) NOT NULL auto_increment,
  `batchId` int(11) default NULL,
  `procId` int(11) default NULL,
  `time` date default NULL,
  `colorNo` varchar(10) default NULL,
  `num` int(11) default NULL,
  `quaNum` int(11) default NULL,
  `disqNum` int(11) default NULL,
  `isEnd` int(11) default NULL,
  PRIMARY KEY  (`Id`),
  KEY `FK_Reference_16` (`batchId`),
  CONSTRAINT `FK_Reference_16` FOREIGN KEY (`batchId`) REFERENCES `batch` (`Id`) ON UPDATE CASCADE
) ENGINE=InnoDB DEFAULT CHARSET=utf8;
/*!40101 SET character_set_client = @saved_cs_client */;

--
-- Dumping data for table `scheduletab`
--

LOCK TABLES `scheduletab` WRITE;
/*!40000 ALTER TABLE `scheduletab` DISABLE KEYS */;
/*!40000 ALTER TABLE `scheduletab` ENABLE KEYS */;
UNLOCK TABLES;

--
-- Table structure for table `smallwf`
--

DROP TABLE IF EXISTS `smallwf`;
/*!40101 SET @saved_cs_client     = @@character_set_client */;
/*!40101 SET character_set_client = utf8 */;
CREATE TABLE `smallwf` (
  `Id` int(11) NOT NULL auto_increment,
  `wfId` int(11) default NULL,
  `proNo` varchar(20) default NULL,
  `procId` int(11) default NULL,
  `quaNum` int(11) default NULL,
  `disqDetail` varchar(100) default NULL,
  `staffNo` varchar(20) default NULL,
  `bworkHours` double default NULL,
  `salary` double default NULL,
  `gWasteNum` int(11) default NULL,
  `lWasteNum` int(11) default NULL,
  `time` date default NULL,
  `isDelete` int(11) default NULL,
  `deleteTime` date default NULL,
  PRIMARY KEY  (`Id`)
) ENGINE=InnoDB DEFAULT CHARSET=utf8;
/*!40101 SET character_set_client = @saved_cs_client */;

--
-- Dumping data for table `smallwf`
--

LOCK TABLES `smallwf` WRITE;
/*!40000 ALTER TABLE `smallwf` DISABLE KEYS */;
/*!40000 ALTER TABLE `smallwf` ENABLE KEYS */;
UNLOCK TABLES;

--
-- Table structure for table `staff`
--

DROP TABLE IF EXISTS `staff`;
/*!40101 SET @saved_cs_client     = @@character_set_client */;
/*!40101 SET character_set_client = utf8 */;
CREATE TABLE `staff` (
  `Id` int(11) NOT NULL auto_increment,
  `deptId` int(11) default NULL,
  `kind` varchar(20) default NULL,
  `staName` varchar(20) default NULL,
  `staNo` varchar(20) default NULL,
  `isDelete` int(11) default '0',
  `deleteTime` date default NULL,
  `isValidater` int(11) default '0',
  PRIMARY KEY  (`Id`),
  KEY `AK_Key_2` (`Id`),
  KEY `FK_Reference_15` (`deptId`),
  CONSTRAINT `FK_Reference_15` FOREIGN KEY (`deptId`) REFERENCES `department` (`Id`) ON UPDATE CASCADE
) ENGINE=InnoDB AUTO_INCREMENT=1505 DEFAULT CHARSET=utf8;
/*!40101 SET character_set_client = @saved_cs_client */;

--
-- Dumping data for table `staff`
--

LOCK TABLES `staff` WRITE;
/*!40000 ALTER TABLE `staff` DISABLE KEYS */;
INSERT INTO `staff` VALUES (746,7,'部长','左刚锋','10001',0,NULL,1),(747,7,'部长助理','彭友厚','10002',0,NULL,1),(748,7,'综合管理员','郑保安','10003',0,NULL,0),(749,7,'主管技术员','姚志刚','10004',0,NULL,1),(750,7,'质量管理员','李晓玲','10005',0,NULL,1),(751,7,'压制调整师','邓生明','10006',0,NULL,0),(752,7,'模具管理员','朱  霜','10007',0,NULL,0),(753,7,'线长','徐  彪','11008',0,NULL,0),(754,7,'副线长','张双才','11009',0,NULL,0),(755,7,'混料/班长','宋  彬','11010',0,NULL,0),(756,7,'混料','王开国','11011',0,NULL,0),(757,7,'混料','雷  林','11012',0,NULL,0),(758,7,'混料','余成文','11013',0,NULL,0),(759,7,'压制（班长）','余华柱','11014',0,NULL,0),(760,7,'压制工','王荣华','11015',0,NULL,0),(761,7,'压制工','黄昌文','11016',0,NULL,0),(762,7,'压制工','李  成','11017',0,NULL,0),(763,7,'压制工','潘  龙','11018',0,NULL,0),(764,7,'压制工','罗  云','11019',0,NULL,0),(765,7,'压制工','陈  建','11020',0,NULL,0),(766,7,'压制工','冷开祥','11021',0,NULL,0),(767,7,'压制工','毛绪尧','11022',0,NULL,0),(768,7,'压制/辅工','曹建林','11023',0,NULL,0),(769,7,'压制工','李  华','11024',0,NULL,0),(770,7,'压制（班长）','胡大伟','11025',0,NULL,0),(771,7,'压制工','刘度才','11026',0,NULL,0),(772,7,'压制工','王刚清','11027',0,NULL,0),(773,7,'压制工','彭瑞祥','11028',0,NULL,0),(774,7,'压制工','幸显华','11029',0,NULL,0),(775,7,'压制工','何成杰','11030',0,NULL,0),(776,7,'铣工','庞建育','11031',0,NULL,0),(777,7,'压制/辅工','张  贵','11032',0,NULL,0),(778,7,'压制/辅工','赵邓华','11033',0,NULL,0),(779,7,'烧结班长','魏世礼','11034',0,NULL,0),(780,7,'烧结工','刘兆云','11035',0,NULL,0),(781,7,'烧结工','龚恩平','11036',0,NULL,0),(782,7,'烧结工','邱钦莉','11037',0,NULL,0),(783,7,'烧结工','贺伍勇','11038',0,NULL,0),(784,7,'烧结工','张喜尧','11039',0,NULL,0),(785,7,'烧结工','杨正碧','11040',0,NULL,0),(786,7,'烧结班长','罗秀兰','11041',0,NULL,0),(787,7,'烧结工','刘永秀','11042',0,NULL,0),(788,7,'烧结工','蒋中华','11043',0,NULL,0),(789,7,'烧结工','秦怀碧','11044',0,NULL,0),(790,7,'烧结工','李建华','11045',0,NULL,0),(791,7,'烧结工','邵珍英','11046',0,NULL,0),(792,7,'烧结工','段新要','11047',0,NULL,0),(793,7,'烧结班长','黄章平','11048',0,NULL,0),(794,7,'烧结工','赵代明','11049',0,NULL,0),(795,7,'烧结工','刘泽春','11050',0,NULL,0),(796,7,'烧结工','刘  杰','11051',0,NULL,0),(797,7,'烧结工','杨伯周','11052',0,NULL,0),(798,7,'烧结工','杨光碧','11053',0,NULL,0),(799,7,'烧结工','熊红梅','11054',0,NULL,0),(800,7,'烧结工','刘运姣','11055',0,NULL,0),(801,7,'线长','杨  鹏','12055',0,NULL,1),(802,7,'班长','李顺文','12056',0,NULL,0),(803,7,'铣工','穆伦洪','12057',0,NULL,0),(804,7,'铣工','黄光祥','12058',0,NULL,0),(805,7,'成检','盛长会','12059',0,NULL,0),(806,7,'清洗包装','李万才','12060',0,NULL,0),(807,7,'班长','魏昭伦','12061',0,NULL,0),(808,7,'铣工','陈  渊','12062',0,NULL,0),(809,7,'铣工','车怀久','12063',0,NULL,0),(810,7,'铣工','雷贤辉','12064',0,NULL,0),(811,7,'成检','李  群','12065',0,NULL,0),(812,7,'钻工','胡凤兰','12066',0,NULL,0),(813,7,'专检','杨玉琼','12067',0,NULL,0),(814,7,'钻工','秦树云','12068',0,NULL,0),(815,7,'清洗包装','王章彬','12069',0,NULL,0),(816,7,'班长','杨显林','12070',0,NULL,0),(817,7,'铣工','姚常益','12071',0,NULL,0),(818,7,'铣工','毛　键','12072',0,NULL,0),(819,7,'铣工','何小冬','12073',0,NULL,0),(820,7,'铣工','何小林','12074',0,NULL,0),(821,7,'成检','刘真英','12075',0,NULL,0),(822,7,'成检','李诗坤','12076',0,NULL,0),(823,7,'钻工','唐  川','12077',0,NULL,0),(824,7,'钻工','刘  月','12078',0,NULL,0),(825,7,'专检','陈映芳','12079',0,NULL,0),(826,7,'钻工','魏世莲','12080',0,NULL,0),(827,7,'清洗包装','赵久萍','12081',0,NULL,0),(828,7,'线长','黄昭银','13082',0,NULL,1),(829,7,'班长','王  建','13083',0,NULL,0),(830,7,'铣工','穆伦友','13084',0,NULL,0),(831,7,'铣工','段平全','13085',0,NULL,0),(832,7,'铣工','唐小桐','13086',0,NULL,0),(833,7,'铣工','蔡德梁','13087',0,NULL,0),(834,7,'铣工','刘久林','13088',0,NULL,0),(835,7,'成检','兰明巧','13089',0,NULL,0),(836,7,'车工','吴荣锋','13090',0,NULL,0),(837,7,'车工','万  旭','13091',0,NULL,0),(838,7,'钻工','黄燕敏','13092',0,NULL,0),(839,7,'专检','陈国芳','13093',0,NULL,0),(840,7,'专检','万禄会','13094',0,NULL,0),(841,7,'清洗包装','李全川','13095',0,NULL,0),(842,7,'班长','秦  川','13096',0,NULL,0),(843,7,'铣工','赵  阳','13097',0,NULL,0),(844,7,'铣工','张  映','13098',0,NULL,0),(845,7,'铣工','唐昭清','13099',0,NULL,0),(846,7,'铣工','李阳春','13100',0,NULL,0),(847,7,'铣工','王  杰','13101',0,NULL,0),(848,7,'铣工','周余能','13102',0,NULL,0),(849,7,'车工','何小平','13103',0,NULL,0),(850,7,'车工','王家洪','13104',0,NULL,0),(851,7,'磨工','程迪高','13105',0,NULL,0),(852,7,'车工','何进松','13106',0,NULL,0),(853,7,'成检','穆文荣','13107',0,NULL,0),(854,7,'钻工','刘正言','13108',0,NULL,0),(855,7,'钻工','陈叶嘎','13109',0,NULL,0),(856,7,'专检','张  平','13110',0,NULL,0),(857,7,'清洗包装','陶秀贞','13111',0,NULL,0),(858,7,'班长','肖文超','13112',0,NULL,0),(859,7,'铣工','彭  华','13113',0,NULL,0),(860,7,'铣工','周洪涛','13114',0,NULL,0),(861,7,'成检','辜祥素','13115',0,NULL,0),(862,7,'专检','穆伦会','13116',0,NULL,0),(863,7,'专检','喻　洪','13117',0,NULL,0),(864,7,'钻工','刘兴芳','13118',0,NULL,0),(865,7,'钻工','廖长春','13119',0,NULL,0),(866,8,'部长','刘 波','20001',0,NULL,1),(867,8,'部长助理','张 洪','20002',0,NULL,1),(868,8,'综合管理员','帖富华','20003',0,NULL,0),(869,8,'线长','刘显红','21004',0,NULL,1),(870,8,'铣床、钻床、磨床','廖学昆','21005',0,NULL,0),(871,8,'钻床、磨床','刘贵春','21006',0,NULL,0),(872,8,'压铸工','冯光亮','21007',0,NULL,0),(873,8,'磨工','邓隆勇','21008',0,NULL,0),(874,8,'钳工','刘素才','21009',0,NULL,0),(875,8,'钳工','陈雪艳','21010',0,NULL,0),(876,8,'去毛刺','邹福琼','21011',0,NULL,0),(877,8,'钻床','邓隆新','21012',0,NULL,0),(878,8,'车工','周 燕','21013',0,NULL,0),(879,8,'磨工、倒角','杨振勇','21014',0,NULL,0),(880,8,'钻床','王世禄','21015',0,NULL,0),(881,8,'铣床、钻床','丁富芝','21016',0,NULL,0),(882,8,'挤齿','蒲小玲','21017',0,NULL,0),(883,8,'磨工、钻床','张文木','21018',0,NULL,0),(884,8,'线长','黄明均','22019',0,NULL,1),(885,8,'倒角机','李 玉','22020',0,NULL,0),(886,8,'磨工','王子兰','22021',0,NULL,0),(887,8,'压铸工、铣床','王 伟','22022',0,NULL,0),(888,8,'车工','朱章兵','22023',0,NULL,0),(889,8,'拉床','刘年亮','22024',0,NULL,0),(890,8,'拉床','邓隆全','22025',0,NULL,0),(891,8,'车工','邓隆逊','22026',0,NULL,0),(892,8,'车工、装配','李小明','22027',0,NULL,0),(893,8,'倒角机、剃齿机','钱申红','22028',0,NULL,0),(894,8,'钳工','廖祥书','22029',0,NULL,0),(895,8,'车工、挤齿','谢德健','22030',0,NULL,0),(896,8,'剃齿机、滚齿','段玉春','22031',0,NULL,0),(897,8,'全检、包装','史洪春','22032',0,NULL,0),(898,8,'压淬','李治高','22033',0,NULL,0),(899,8,'挤齿、车工','潘旭','22034',0,NULL,0),(900,8,'装配工','张基群','22035',0,NULL,0),(901,8,'数控车工','丁超','22036',0,NULL,0),(902,8,'铣工','吕龙','22037',0,NULL,0),(903,8,'压淬','朱颖','22038',0,NULL,0),(904,8,'','钱中伟','22039',0,NULL,0),(905,8,'装配工','何华利','22040',0,NULL,0),(906,8,'数控车工','王志杰','22041',0,NULL,0),(907,8,'装配工','甘露','22042',0,NULL,0),(908,8,'','代星','22043',0,NULL,0),(909,8,'','何正喜','22044',0,NULL,0),(910,8,'','何勇','22045',0,NULL,0),(911,8,'','陈中会','22046',0,NULL,0),(912,8,'','张疆','22047',0,NULL,0),(913,8,'','朱大利','22048',0,NULL,0),(914,8,'拉床','吴三贵','22049',0,NULL,0),(915,8,'装配工','周建林','22050',0,NULL,0),(916,8,'装配工','邓隆芳','22051',0,NULL,0),(917,8,'倒角','王德禄','22052',0,NULL,0),(918,8,'装配工','刘文英','22053',0,NULL,0),(919,8,'','罗能玉','22054',0,NULL,0),(920,8,'','廖扬帆','22055',0,NULL,0),(921,9,'部长','杨章福','30001',0,NULL,1),(922,9,'技术员','黄  勇','30002',0,NULL,1),(923,9,'技术员','杨仁华','30003',0,NULL,1),(924,9,'部长助理','黄  辉','30004',0,NULL,1),(925,9,'技术员','郑国华','30005',0,NULL,1),(926,9,'驾驶员','黄恩俊','30006',0,NULL,0),(927,9,'铸造调整','传良伟','30007',0,NULL,0),(928,9,'技术员','王  洪','30008',0,NULL,1),(929,9,'工人','李  文','30009',0,NULL,0),(930,9,'设备员','罗晓伟','30010',0,NULL,0),(931,9,'检验','蒲朝会','30011',0,NULL,0),(932,9,'刀具库管员','陈义娟','30012',0,NULL,0),(933,9,'设备员、调整工','蔡启华','30013',0,NULL,0),(934,9,'加工中心调整','陈昌强','30014',0,NULL,0),(935,9,'加工中心调整','黄  亮','30015',0,NULL,0),(936,9,'组长','江绍河','31016',0,NULL,0),(937,9,'浇注工','李远超','31017',0,NULL,0),(938,9,'浇注工','谭  勇','31018',0,NULL,0),(939,9,'浇注工','汪  洋','31019',0,NULL,0),(940,9,'浇注工','肖泉国','31020',0,NULL,0),(941,9,'熔炼工','杨国林','31021',0,NULL,0),(942,9,'浇注工','郭明伦','31022',0,NULL,0),(943,9,'浇注工','张国佐','31023',0,NULL,0),(944,9,'浇注工','雷洪林','31024',0,NULL,0),(945,9,'组长','传良勇','31025',0,NULL,0),(946,9,'打毛刺','何天弟','31026',0,NULL,0),(947,9,'浇注工','刘  超','31027',0,NULL,0),(948,9,'浇注工','程光荣','31028',0,NULL,0),(949,9,'熔炼工','赵永高','31029',0,NULL,0),(950,9,'浇注工','吴邦全','31030',0,NULL,0),(951,9,'浇注工','杨章学','31031',0,NULL,0),(952,9,'浇注工','刘  林','31032',0,NULL,0),(953,9,'组长','李永才','31033',0,NULL,0),(954,9,'浇注工','方宜华','31034',0,NULL,0),(955,9,'浇注工','李义忠','31035',0,NULL,0),(956,9,'浇注工','龙子明','31036',0,NULL,0),(957,9,'浇注工','龙宝勇','31037',0,NULL,0),(958,9,'浇注工','黄登国','31038',0,NULL,0),(959,9,'浇注工','李  宇','31039',0,NULL,0),(960,9,'熔炼工','龙祖合','31040',0,NULL,0),(961,9,'组长','李  军','31041',0,NULL,0),(962,9,'砂芯工','文  革','31042',0,NULL,0),(963,9,'砂芯工','邱才中','31043',0,NULL,0),(964,9,'砂芯工','朱绍伦','31044',0,NULL,0),(965,9,'砂芯工','刘  全','31045',0,NULL,0),(966,9,'砂芯工','袁伍伦','31046',0,NULL,0),(967,9,'砂芯工','唐清高','31047',0,NULL,0),(968,9,'熔炼工','陈正元','31048',0,NULL,0),(969,9,'砂芯工','沈  宏','31049',0,NULL,0),(970,9,'砂芯工','刘小平','31050',0,NULL,0),(971,9,'砂芯工','吴传刚','31051',0,NULL,0),(972,9,'组长','张必华','31052',0,NULL,0),(973,9,'打毛刺、脱砂','江绍中','31053',0,NULL,0),(974,9,'打毛刺、脱砂','黄书军','31054',0,NULL,0),(975,9,'全检','杨正芬','31055',0,NULL,0),(976,9,'打毛刺、脱砂','张明才','31056',0,NULL,0),(977,9,'锯工、打毛刺','周  林','31057',0,NULL,0),(978,9,'焊工','黄泰芳','31058',0,NULL,0),(979,9,'打毛刺','蒋兴英','31059',0,NULL,0),(980,9,'打毛刺','向清平','31060',0,NULL,0),(981,9,'浇注工','陈国富','31061',0,NULL,0),(982,9,'烘砂','靖宽友','31062',0,NULL,0),(983,9,'打毛刺、脱砂','张光茂','31063',0,NULL,0),(984,9,'打毛刺','范长君','31064',0,NULL,0),(985,9,'打毛刺','付俊涛','31065',0,NULL,0),(986,9,'打毛刺','罗怀杰','31066',0,NULL,0),(987,9,'砂芯工','罗钧元','31067',0,NULL,0),(988,9,'打毛刺','李  泽','31068',0,NULL,0),(989,9,'打毛刺','廖永峰','31069',0,NULL,0),(990,9,'锯工','梁永贵','31070',0,NULL,0),(991,9,'试压工','陶碧波','31071',0,NULL,0),(992,9,'锯工、铣工','罗昌海','31072',0,NULL,0),(993,9,'脱砂工','曾德全','31073',0,NULL,0),(994,9,'锯工','王光茂','31074',0,NULL,0),(995,9,'包装、打毛刺','杨  安','31075',0,NULL,0),(996,9,'铣工','彭建华','31076',0,NULL,0),(997,9,'铣工','张枝九','31077',0,NULL,0),(998,9,'试压、钻工','邹文超','31078',0,NULL,0),(999,9,'铣工','付开时','31079',0,NULL,0),(1000,9,'钻工','陈华林','31080',0,NULL,0),(1001,9,'钻工','向永龙','31081',0,NULL,0),(1002,9,'铣工','罗  伟','31082',0,NULL,0),(1003,9,'组长','李世海','32083',0,NULL,0),(1004,9,'装配','熊西菊','32084',0,NULL,0),(1005,9,'装配工','喻德会','32085',0,NULL,0),(1006,9,'包装','黄  俊','32086',0,NULL,0),(1007,9,'检验、包装','叶柏荣','32087',0,NULL,0),(1008,9,'钻工','廖云英','32088',0,NULL,0),(1009,9,'全检','刘开淑','32089',0,NULL,0),(1010,9,'装配','马丽霞','32090',0,NULL,0),(1011,9,'全检','李治伟','32091',0,NULL,0),(1012,9,'试压工','汪兆东','32092',0,NULL,0),(1013,9,'试压工','张跃鹏','32093',0,NULL,0),(1014,9,'铣工','秦云光','32094',0,NULL,0),(1015,9,'包装、打毛刺','杨  敏','32095',0,NULL,0),(1016,9,'清冼、打毛刺','李  洁','32096',0,NULL,0),(1017,9,'清冼、打毛刺','赵永娥','32097',0,NULL,0),(1018,9,'打毛刺、试压工','杨小芳','32098',0,NULL,0),(1019,9,'钻工','郑晓刚','32099',0,NULL,0),(1020,9,'装配','甘武容','32100',0,NULL,0),(1021,9,'全检','佘忠琼','32101',0,NULL,0),(1022,9,'修补','杨秀林','32102',0,NULL,0),(1023,9,'铣工、锯工','付开录','32103',0,NULL,0),(1024,9,'打毛刺、试压工','邹小忠','32104',0,NULL,0),(1025,9,'打毛刺、清洗','唐文秀','32105',0,NULL,0),(1026,9,'修补','王术华','32106',0,NULL,0),(1027,9,'打毛刺','廖  燕','32107',0,NULL,0),(1028,9,'试压、打毛刺','高安利','32108',0,NULL,0),(1029,9,'打毛刺、清冼','杜志兰','32109',0,NULL,0),(1030,9,'装配','李志芬','32110',0,NULL,0),(1031,9,'全检','郭宗素','32111',0,NULL,0),(1032,9,'试压','黄登义','32112',0,NULL,0),(1033,9,'全检','黄跃林','32113',0,NULL,0),(1034,9,'全检','汪纯霞','32114',0,NULL,0),(1035,9,'装配','蒋星淑','32115',0,NULL,0),(1036,9,'全检','张希英','32116',0,NULL,0),(1037,9,'钻工','赵德猛','32117',0,NULL,0),(1038,9,'钻工','唐小华','32118',0,NULL,0),(1039,9,'钻工','陶永俊','32119',0,NULL,0),(1040,9,'组长','秦明彬','32120',0,NULL,0),(1041,9,'加工中心','刘  宾','32121',0,NULL,0),(1042,9,'加工中心','殷大军','32122',0,NULL,0),(1043,9,'加工中心','周福荣','32123',0,NULL,0),(1044,9,'加工中心','段小伟','32124',0,NULL,0),(1045,9,'加工中心','王  超','32125',0,NULL,0),(1046,9,'加工中心','陈秋林','32126',0,NULL,0),(1047,9,'加工中心','龚  礼','32127',0,NULL,0),(1048,9,'加工中心','蒋  勇','32128',0,NULL,0),(1049,9,'加工中心','焦宏亮','32129',0,NULL,0),(1050,9,'加工中心','王洪新','32130',0,NULL,0),(1051,9,'加工中心','张海波','32131',0,NULL,0),(1052,9,'组长','王信松','32132',0,NULL,0),(1053,9,'加工中心','凡时忠','32133',0,NULL,0),(1054,9,'加工中心','喻文界','32134',0,NULL,0),(1055,9,'加工中心','杨小东','32135',0,NULL,0),(1056,9,'加工中心','黄安洪','32136',0,NULL,0),(1057,9,'加工中心','祝  斌','32137',0,NULL,0),(1058,9,'加工中心','邓  强','32138',0,NULL,0),(1059,9,'加工中心','王  勇','32139',0,NULL,0),(1060,9,'加工中心','廖  磊','32140',0,NULL,0),(1061,9,'加工中心','王  伟','32141',0,NULL,0),(1062,9,'组长','康  莲','32142',0,NULL,0),(1063,9,'加工中心','陈  桃','32143',0,NULL,0),(1064,9,'加工中心','余本伟','32144',0,NULL,0),(1065,9,'加工中心','王小旭','32145',0,NULL,0),(1066,9,'加工中心','喻永立','32146',0,NULL,0),(1067,9,'加工中心','刘  俊','32147',0,NULL,0),(1068,9,'加工中心','唐大中','32148',0,NULL,0),(1069,9,'加工中心','何  江','32149',0,NULL,0),(1070,9,'加工中心','刘  锋','32150',0,NULL,0),(1071,9,'加工中心','刘  江','32151',0,NULL,0),(1072,9,'加工中心','张  林','32152',0,NULL,0),(1073,9,'加工中心','倪克明','32153',0,NULL,0),(1074,9,'组长','潘玉兵','33154',0,NULL,0),(1075,9,'数控车工','皮天成','33155',0,NULL,0),(1076,9,'数控车工','邹开华','33156',0,NULL,0),(1077,9,'数控车工','汪世林','33157',0,NULL,0),(1078,9,'钻工','裴小平','33158',0,NULL,0),(1079,9,'全检','何  怡','33159',0,NULL,0),(1080,9,'装配工','黄  萍','33160',0,NULL,0),(1081,9,'试压工','贺东波','33161',0,NULL,0),(1082,9,'打毛刺、清冼工','王淑芳','33162',0,NULL,0),(1083,9,'钻工','李远建','33163',0,NULL,0),(1084,9,'装配工','熊西秀','33164',0,NULL,0),(1085,9,'装配','李月馨','33165',0,NULL,0),(1086,9,'全检','游洪群','33166',0,NULL,0),(1087,9,'性能试验','曾令容','33167',0,NULL,0),(1088,9,'装配','张建琴','33168',0,NULL,0),(1089,9,'性能试验','徐  峰','33169',0,NULL,0),(1090,9,'全检','张祥容','33170',0,NULL,0),(1091,9,'性能试验','田维利','33171',0,NULL,0),(1092,9,'车工','李文海','33172',0,NULL,0),(1093,9,'装配','彭春燕','33173',0,NULL,0),(1094,9,'装配','刘雪莲','33174',0,NULL,0),(1095,9,'数控车工','任焱杰','33175',0,NULL,0),(1096,9,'全检','杨春花','33176',0,NULL,0),(1097,9,'全检','刘利华','33177',0,NULL,0),(1098,9,'装配','李  波','33178',0,NULL,0),(1099,9,'试压工','石思兴','33179',0,NULL,0),(1100,9,'装配','尹冬英','33180',0,NULL,0),(1101,9,'装配','王桂梅','33181',0,NULL,0),(1102,9,'浇注工','付开兴','33182',0,NULL,0),(1103,9,'全检','涂植平','33183',0,NULL,0),(1104,9,'钻工','车国勤','33184',0,NULL,0),(1105,9,'性能试验','郭明英','33185',0,NULL,0),(1106,9,'钻工','黄  成','33186',0,NULL,0),(1107,9,'钻工','陈道君','33187',0,NULL,0),(1108,9,'数控车工','郭小彬','33188',0,NULL,0),(1109,9,'磨工','刘成洋','33189',0,NULL,0),(1110,9,'清洁工','杨清伦','33190',0,NULL,0),(1111,9,'打毛刺','吴玉红','33191',0,NULL,0),(1112,9,'钻工','谢   鹏','33192',0,NULL,0),(1113,9,'清洗工','游古均','33193',0,NULL,0),(1114,9,'装配','肖  娅','33194',0,NULL,0),(1115,9,'装配','高居琴','33195',0,NULL,0),(1116,9,'钻工','魏  东','33196',0,NULL,0),(1117,9,'数控车工','肖俊华','33197',0,NULL,0),(1118,9,'钻工','文家平','33198',0,NULL,0),(1119,9,'打毛刺、清冼工','徐文祥','33199',0,NULL,0),(1120,9,'铣工','苏   健','33200',0,NULL,0),(1121,9,'铣工','陈  林','33201',0,NULL,0),(1122,9,'清洗工','李春英','33202',0,NULL,0),(1123,9,'清冼、打毛刺','骆长英','33203',0,NULL,0),(1124,9,'清冼、打毛刺','程太文','33204',0,NULL,0),(1125,9,'组长','蒋渝龙','34205',0,NULL,0),(1126,9,'组长','陈  刚','34206',0,NULL,0),(1127,9,'组长','刘大林','34207',0,NULL,0),(1128,9,'组长','廖  林','34208',0,NULL,0),(1129,9,'磨工','刘财金','34209',0,NULL,0),(1130,9,'磨工','杨青书','34210',0,NULL,0),(1131,9,'磨工','秦明淑','34211',0,NULL,0),(1132,9,'磨工','程学梅','34212',0,NULL,0),(1133,9,'磨工','何克林','34213',0,NULL,0),(1134,9,'磨工','何  林','34214',0,NULL,0),(1135,9,'去毛刺','王小琴','34215',0,NULL,0),(1136,9,'磨工','康恭霞','34216',0,NULL,0),(1137,9,'磨工','谭春梅','34217',0,NULL,0),(1138,9,'磨工','夏茂兰','34218',0,NULL,0),(1139,9,'磨工','赵久芬','34219',0,NULL,0),(1140,9,'磨工','王正其','34220',0,NULL,0),(1141,9,'磨工','韩小会','34221',0,NULL,0),(1142,9,'磨工','何建英','34222',0,NULL,0),(1143,9,'磨工','李小红','34223',0,NULL,0),(1144,9,'磨工','喻建福','34224',0,NULL,0),(1145,9,'磨工','何  胜','34225',0,NULL,0),(1146,9,'磨工','罗冰华','34226',0,NULL,0),(1147,9,'磨工','吴玉平','34227',0,NULL,0),(1148,9,'全检','何学会','34228',0,NULL,0),(1149,9,'全检','刘龙英','34229',0,NULL,0),(1150,9,'磨工','秦春梅','34230',0,NULL,0),(1151,9,'装配','张小梅','34231',0,NULL,0),(1152,9,'磨工','赵玉香','34232',0,NULL,0),(1153,9,'清洗','王元方','34233',0,NULL,0),(1154,9,'磨工','李阳春','34234',0,NULL,0),(1155,9,'磨工','郑国文','34235',0,NULL,0),(1156,9,'铣工','鲁　伟','34236',0,NULL,0),(1157,9,'车工','陈道琼','34237',0,NULL,0),(1158,10,'部长','吕运君','40001',0,NULL,1),(1159,10,'模具库管员','肖  燕','40002',0,NULL,0),(1160,10,'模具员','游贵志','40003',0,NULL,0),(1161,10,'综合管理员','罗  兰','40004',0,NULL,0),(1162,10,'技术员','罗  源','40005',0,NULL,1),(1163,10,'技术员','党  峰','40006',0,NULL,1),(1164,10,'线长','何 东','41006',0,NULL,1),(1165,10,'压制班长','姜光强','41007',0,NULL,0),(1166,10,'压制调整工','苟 昱','41008',0,NULL,0),(1167,10,'压制调整工','邹家洪','41009',0,NULL,0),(1168,10,'压制学徒','叶将红','41010',0,NULL,0),(1169,10,'压制学徒','陈世春','41011',0,NULL,0),(1170,10,'压制学徒','汤  平','41012',0,NULL,0),(1171,10,'压制班长','王　星','41013',0,NULL,0),(1172,10,'压制调整工','邓长林','41014',0,NULL,0),(1173,10,'压制调整工','杨 航','41015',0,NULL,0),(1174,10,'压制学徒','许家平','41016',0,NULL,0),(1175,10,'压制学徒','唐世友','41017',0,NULL,0),(1176,10,'压制学徒','周晓东','41018',0,NULL,0),(1177,10,'辅助工','邹祖丽','41019',0,NULL,0),(1178,10,'压制班长','龙永房','41020',0,NULL,0),(1179,10,'压制调整工','李世荣','41021',0,NULL,0),(1180,10,'压制调整工','沈庭明','41022',0,NULL,0),(1181,10,'压制调整工','申　利','41023',0,NULL,0),(1182,10,'压制学徒','蒋朝喜','41024',0,NULL,0),(1183,10,'压制学徒','秦沛','41025',0,NULL,0),(1184,10,'混料','黄仕侯','41026',0,NULL,0),(1185,10,'线长','宋　均','42027',0,NULL,1),(1186,10,'班组长','鲁国兵','42028',0,NULL,0),(1187,10,'整形','田运佳','42029',0,NULL,0),(1188,10,'整形','李玉伟','42030',0,NULL,0),(1189,10,'数控车床','熊维严','42031',0,NULL,0),(1190,10,'数控车床','安代梅','42032',0,NULL,0),(1191,10,'数控车床','丁  勇','42033',0,NULL,0),(1192,10,'数控车床','安代群','42034',0,NULL,0),(1193,10,'数控车床','唐文辉','42035',0,NULL,0),(1194,10,'数控车床','谷  雨','42036',0,NULL,0),(1195,10,'数控车床','邱健渔','42037',0,NULL,0),(1196,10,'数控车床','李玲法','42038',0,NULL,0),(1197,10,'数控车床','李玉兰','42039',0,NULL,0),(1198,10,'数控车床','苏建全','42040',0,NULL,0),(1199,10,'数控车床','赵小敏','42041',0,NULL,0),(1200,10,'数控车床','谷  伟','42042',0,NULL,0),(1201,10,'磨工','丁华琴','42043',0,NULL,0),(1202,10,'磨工','罗重桃','42044',0,NULL,0),(1203,10,'辅助工','罗华均','42045',0,NULL,0),(1204,10,'辅助工','王  琴','42046',0,NULL,0),(1205,10,'清洗包装','李清容','42047',0,NULL,0),(1206,10,'清洗包装','黄昌敏','42048',0,NULL,0),(1207,10,'部长助理兼线长','王  彪','43049',0,NULL,1),(1208,10,'班长','赖真明','43050',0,NULL,0),(1209,10,'整形','何顺权','43051',0,NULL,0),(1210,10,'整形','秦天生','43052',0,NULL,0),(1211,10,'数控车床','刘贵斌','43053',0,NULL,0),(1212,10,'数控车床','贺光美','43054',0,NULL,0),(1213,10,'加工中心','秦爽','43055',0,NULL,0),(1214,10,'钻工','何丽均','43056',0,NULL,0),(1215,10,'钻工','李兴琼','43057',0,NULL,0),(1216,10,'钻工','王桂英','43058',0,NULL,0),(1217,10,'磨工','赖真福','43059',0,NULL,0),(1218,10,'磨工','姚春梅','43060',0,NULL,0),(1219,10,'磨工','胡 钉','43061',0,NULL,0),(1220,10,'磨工','罗昭德','43062',0,NULL,0),(1221,10,'磨工','薛勇','43063',0,NULL,0),(1222,10,'磨工','田时敏','43064',0,NULL,0),(1223,10,'辅助工','陈　艳','43065',0,NULL,0),(1224,10,'辅助工','胡大香','43066',0,NULL,0),(1225,10,'辅助工','马晓琼','43067',0,NULL,0),(1226,10,'搬运工','戴仲明','43068',0,NULL,0),(1227,10,'包装班长','刘中芳','43069',0,NULL,0),(1228,10,'清洗包装','郝真刚','43070',0,NULL,0),(1229,10,'线长','杨　帅','44071',0,NULL,1),(1230,10,'副线长','张希君','44072',0,NULL,0),(1231,10,'蒸汽处理','孙林强','44073',0,NULL,0),(1232,10,'整形','尹登素','44074',0,NULL,0),(1233,10,'整形','唐  立','44075',0,NULL,0),(1234,10,'加工中心','彭启兵','44076',0,NULL,0),(1235,10,'数控车床','李  伟','44077',0,NULL,0),(1236,10,'数控车床','杨元亮','44078',0,NULL,0),(1237,10,'加工中心','邓庆碧','44079',0,NULL,0),(1238,10,'钻工','方知渝','44080',0,NULL,0),(1239,10,'钻工','肖联新','44081',0,NULL,0),(1240,10,'钻工','王万会','44082',0,NULL,0),(1241,10,'钻工','严学惠','44083',0,NULL,0),(1242,10,'钻工','唐化菊','44084',0,NULL,0),(1243,10,'钻工','张黎','44085',0,NULL,0),(1244,10,'钻工','杨利彬','44086',0,NULL,0),(1245,10,'磨工','吴明方','44087',0,NULL,0),(1246,10,'磨工','龙天寿','44088',0,NULL,0),(1247,10,'磨工','梁明超','44089',0,NULL,0),(1248,10,'磨工','姜柏宇','44090',0,NULL,0),(1249,10,'光饰','张禄中','44091',0,NULL,0),(1250,10,'辅助工','曾术彬','44092',0,NULL,0),(1251,10,'辅助工','徐兴聪','44093',0,NULL,0),(1252,10,'辅助工','吴凤琼','44094',0,NULL,0),(1253,10,'辅助工','罗华菊','44095',0,NULL,0),(1254,10,'辅助工','何学容','44096',0,NULL,0),(1255,10,'辅助工','王巧','44097',0,NULL,0),(1256,10,'辅助工','田时秀','44098',0,NULL,0),(1257,10,'清洗包装','李世秀','44099',0,NULL,0),(1258,10,'清洗包装','刘淑容','44100',0,NULL,0),(1259,10,'清洗包装','罗昭国','44101',0,NULL,0),(1260,11,'部长','廖兵勇','50001',0,NULL,1),(1261,11,'技术主管','李  洪','50002',0,NULL,1),(1262,11,'综合管理员','魏  琴','50003',0,NULL,0),(1263,11,'设备员','杨  阳','50004',0,NULL,0),(1264,11,'线长',' 曹新明','51005',0,NULL,1),(1265,11,'副线长','蒲东','51006',0,NULL,0),(1266,11,'压制班长','黄  伦','51007',0,NULL,0),(1267,11,'混料','黄刚','51008',0,NULL,0),(1268,11,'压制','陈智慧','51009',0,NULL,0),(1269,11,'压制','吴春梅','51010',0,NULL,0),(1270,11,'压制','唐令辉','51011',0,NULL,0),(1271,11,'压制','唐令玉','51012',0,NULL,0),(1272,11,'压制','张祖江','51013',0,NULL,0),(1273,11,'压制','袁仕华','51014',0,NULL,0),(1274,11,'压制','黄华君','51015',0,NULL,0),(1275,11,'车工','曾令辉','51016',0,NULL,0),(1276,11,'车工','张元珍','51017',0,NULL,0),(1277,11,'副班长','吴万玖','51018',0,NULL,0),(1278,11,'车工','廖显书','51019',0,NULL,0),(1279,11,'车工','张学正','51020',0,NULL,0),(1280,11,'车工','叶嗣强','51021',0,NULL,0),(1281,11,'车工','张朝祥','51022',0,NULL,0),(1282,11,'车工','陈兆元','51023',0,NULL,0),(1283,11,'车工','周  伟','51024',0,NULL,0),(1284,11,'车工','曹祥文','51025',0,NULL,0),(1285,11,'车工','程明军','51026',0,NULL,0),(1286,11,'班长','何  端','51027',0,NULL,0),(1287,11,'车工','梁明香','51028',0,NULL,0),(1288,11,'车工','汪  建','51029',0,NULL,0),(1289,11,'车工','林长江','51030',0,NULL,0),(1290,11,'副班长','罗  宇','51031',0,NULL,0),(1291,11,'车工','唐华杰','51032',0,NULL,0),(1292,11,'车工','阳作冯','51033',0,NULL,0),(1293,11,'磨工','夏道远','51034',0,NULL,0),(1294,11,'磨床班长','肖士荣','51035',0,NULL,0),(1295,11,'磨工','石真蒙','51036',0,NULL,0),(1296,11,'磨工','张国斌','51037',0,NULL,0),(1297,11,'磨工','李景勇','51038',0,NULL,0),(1298,11,'磨工','何成碧','51039',0,NULL,0),(1299,11,'磨工','王茂','51040',0,NULL,0),(1300,11,'磨工','刘有良','51041',0,NULL,0),(1301,11,'成检','颜昌秀','51042',0,NULL,0),(1302,11,'成检','叶兴琴','51043',0,NULL,0),(1303,11,'成检','刘宗芬','51044',0,NULL,0),(1304,11,'成检','王春丽','51045',0,NULL,0),(1305,11,'成检','徐小利','51046',0,NULL,0),(1306,11,'煮油','廖安建','51047',0,NULL,0),(1307,11,'清洗包装班长','熊  刚','51048',0,NULL,0),(1308,11,'清洗包装','董友良','51049',0,NULL,0),(1309,11,'清洗包装','刘国兰','51050',0,NULL,0),(1310,11,'清洗包装','谢  蓉','51051',0,NULL,0),(1311,11,'清洗包装','钱秀英','51052',0,NULL,0),(1312,11,'线长','张元强','52053',0,NULL,1),(1313,11,'压制班长','秦树中','52054',0,NULL,0),(1314,11,'压制','蒲  建','52055',0,NULL,0),(1315,11,'压制','颜学朋','52056',0,NULL,0),(1316,11,'压制','王建平','52057',0,NULL,0),(1317,11,'压制','许贵伟','52058',0,NULL,0),(1318,11,'压制','李永琼','52059',0,NULL,0),(1319,11,'压制','覃昌飞','52060',0,NULL,0),(1320,11,'压制','罗祥云','52061',0,NULL,0),(1321,11,'压制','杨  伟','52062',0,NULL,0),(1322,11,'光饰','龙天斌','52063',0,NULL,0),(1323,11,'煮油工','陈先礼','52064',0,NULL,0),(1324,11,'磨床班长','杨道方','52065',0,NULL,0),(1325,11,'磨工','郎明山','52066',0,NULL,0),(1326,11,'磨工','李晓维','52067',0,NULL,0),(1327,11,'磨工','周  玉','52068',0,NULL,0),(1328,11,'磨工','邓生芳','52069',0,NULL,0),(1329,11,'副班长','邓生义','52070',0,NULL,0),(1330,11,'车床班长','张元果','52071',0,NULL,0),(1331,11,'车工','胡爱国','52072',0,NULL,0),(1332,11,'车工','周裕润','52073',0,NULL,0),(1333,11,'车工','刘宗华','52074',0,NULL,0),(1334,11,'车工','董  静','52075',0,NULL,0),(1335,11,'车工','陶发琼','52076',0,NULL,0),(1336,11,'车工','周延太','52077',0,NULL,0),(1337,11,'成检','曾清秀','52078',0,NULL,0),(1338,11,'成检','李琼','52079',0,NULL,0),(1339,11,'成检','张淑芳','52080',0,NULL,0),(1340,11,'成检','蔡晓冬','52081',0,NULL,0),(1341,11,'成检','杨小芳','52082',0,NULL,0),(1342,11,'成检','朱  洁','52083',0,NULL,0),(1343,11,'清洗包装','陈大忠','52084',0,NULL,0),(1344,11,'清洗包装','罗长明','52085',0,NULL,0),(1345,11,'清洗包装','黄陶基','52086',0,NULL,0),(1346,11,'清洗包装','夏生福','52087',0,NULL,0),(1347,12,'部长','张元平','60001',0,NULL,1),(1348,12,'副部长','邹长福','60002',0,NULL,1),(1349,12,'综合管理员','陈  莲','60003',0,NULL,0),(1350,12,'现场管理员','廖  超','60004',0,NULL,0),(1351,12,'行车工','张华秀','60005',0,NULL,0),(1352,12,'行车工','蒋芙蓉','60006',0,NULL,0),(1353,12,'模具管理','卢  海','60007',0,NULL,0),(1354,12,'模具管理','施江涛','60008',0,NULL,0),(1355,12,'清洁工','庄照平','60009',0,NULL,0),(1356,12,'混料工','张正明','60010',0,NULL,0),(1357,12,'混料工','张元其','60011',0,NULL,0),(1358,12,'混料工','田维花','60012',0,NULL,0),(1359,12,'线长','马浚翔','61013',0,NULL,1),(1360,12,'压制','申建峰','61014',0,NULL,0),(1361,12,'压制','张辉颂','61015',0,NULL,0),(1362,12,'压制','赵世伟','61016',0,NULL,0),(1363,12,'压制打毛刺','张小娟','61017',0,NULL,0),(1364,12,'压制打毛刺','龙冬梅','61018',0,NULL,0),(1365,12,'整形','李德明','61019',0,NULL,0),(1366,12,'整形','靖开祥','61020',0,NULL,0),(1367,12,'整形','梁垂中','61021',0,NULL,0),(1368,12,'组长','许茂','61022',0,NULL,0),(1369,12,'刷毛刺','张元宽','61023',0,NULL,0),(1370,12,'刷毛刺','陈友良','61024',0,NULL,0),(1371,12,'立磨','蒋厚余','61025',0,NULL,0),(1372,12,'立磨','李美','61026',0,NULL,0),(1373,12,'成检','魏才蓉','61027',0,NULL,0),(1374,12,'成检','周永智','61028',0,NULL,0),(1375,12,'成检','陈洪','61029',0,NULL,0),(1376,12,'成检','舒登淑','61030',0,NULL,0),(1377,12,'成检GP12','朱晶晶','61031',0,NULL,0),(1378,12,'成检GP12','韩巧妮','61032',0,NULL,0),(1379,12,'清洗包装','唐正丽','61033',0,NULL,0),(1380,12,'清洗包装','颜昌兰','61034',0,NULL,0),(1381,12,'清洗包装','王明奎','61035',0,NULL,0),(1382,12,'线长','杨斌','62036',0,NULL,1),(1383,12,'压制','滕采波','62037',0,NULL,0),(1384,12,'压制','陈林','62038',0,NULL,0),(1385,12,'压制','李珂','62039',0,NULL,0),(1386,12,'压制','张元坤','62040',0,NULL,0),(1387,12,'车工','陈波','62041',0,NULL,0),(1388,12,'车工','蒋厚富','62042',0,NULL,0),(1389,12,'车工','曾现仁','62043',0,NULL,0),(1390,12,'车工','李治强','62044',0,NULL,0),(1391,12,'班组长','石建明','62045',0,NULL,0),(1392,12,'整形','王万义','62046',0,NULL,0),(1393,12,'钻工','冉广现','62047',0,NULL,0),(1394,12,'钻工','万阳明','62048',0,NULL,0),(1395,12,'砂毛刺','程伟强','62049',0,NULL,0),(1396,12,'钻工','邓晓波','62050',0,NULL,0),(1397,12,'整形','代顺伟','62051',0,NULL,0),(1398,12,'钻工','龙烈春','62052',0,NULL,0),(1399,12,'砂毛刺','张克勇','62053',0,NULL,0),(1400,12,'整形','唐  贤','62054',0,NULL,0),(1401,12,'成检','王万超','62055',0,NULL,0),(1402,12,'成检','唐金华','62056',0,NULL,0),(1403,12,'成检','谢芳','62057',0,NULL,0),(1404,12,'清洗包装','吴长英','62058',0,NULL,0),(1405,12,'清洗包装','张 兰','62059',0,NULL,0),(1406,12,'清洗包装','蒋开红','62060',0,NULL,0),(1407,12,'车工','王友幸','62061',0,NULL,0),(1408,12,'车工','李美四','62062',0,NULL,0),(1409,12,'线长','焦宣才','63063',0,NULL,1),(1410,12,'压制','张百川','63064',0,NULL,0),(1411,12,'压制','李  鹏','63065',0,NULL,0),(1412,12,'压制','付吉军','63066',0,NULL,0),(1413,12,'压制','李永丹','63067',0,NULL,0),(1414,12,'压制','伍海全','63068',0,NULL,0),(1415,12,'压制','敖于力','63069',0,NULL,0),(1416,12,'压制','罗新瑞','63070',0,NULL,0),(1417,12,'压制','姚小彬','63071',0,NULL,0),(1418,12,'整形','王中田','63072',0,NULL,0),(1419,12,'整形','蒲  敏','63073',0,NULL,0),(1420,12,'整形','梁龙建','63074',0,NULL,0),(1421,12,'车工','刘顺全','63075',0,NULL,0),(1422,12,'车工','李治凡','63076',0,NULL,0),(1423,12,'车工','赵朝玉','63077',0,NULL,0),(1424,12,'车工','杨帮荐','63078',0,NULL,0),(1425,12,'车工','张开华','63079',0,NULL,0),(1426,12,'车工','李小琴','63080',0,NULL,0),(1427,12,'车工','张文波','63081',0,NULL,0),(1428,12,'班组长','陈万明 ','63082',0,NULL,0),(1429,12,'成检','刘丽','63083',0,NULL,0),(1430,12,'成检','张问秀','63084',0,NULL,0),(1431,12,'成检','谢燕辉','63085',0,NULL,0),(1432,12,'磨工','姚永平','63086',0,NULL,0),(1433,12,'钻工','顾家玉','63087',0,NULL,0),(1434,12,'蒸汽处理','袁天会','63088',0,NULL,0),(1435,12,'打毛刺','周蓉美','63089',0,NULL,0),(1436,12,'刷毛刺','杨绍林','63090',0,NULL,0),(1437,12,'刷毛刺','王礼录','63091',0,NULL,0),(1438,12,'班组长','袁学','63092',0,NULL,0),(1439,12,'清洗包装','梁国华','63093',0,NULL,0),(1440,12,'清洗包装','李万军','63094',0,NULL,0),(1441,12,'清洗包装','王光荣','63095',0,NULL,0),(1442,12,'清洗包装','曾谊','63096',0,NULL,0),(1443,12,'清洗包装','郑彬','63097',0,NULL,0),(1444,12,'车工','王海波','63098',0,NULL,0),(1445,12,'压制','熊小强','63099',0,NULL,0),(1446,12,'车工','王维','63100',0,NULL,0),(1447,12,'车工','杨小华','63101',0,NULL,0),(1448,12,'车工','封亨权','63102',0,NULL,0),(1449,12,'车工','封亨国','63103',0,NULL,0),(1450,12,'车工','左海燕','63104',0,NULL,0),(1451,12,'车工','赵芝敏','63105',0,NULL,0),(1452,12,'整形工','王廷荣','63106',0,NULL,0),(1453,12,'车工','余菊','63107',0,NULL,0),(1454,12,'车工','胡世维','63108',0,NULL,0),(1455,12,'车工','雷武爽','63109',0,NULL,0),(1456,12,'蒸汽处理','彭昌万','63110',0,NULL,0),(1457,12,'成检','向中明','63111',0,NULL,0),(1458,12,'成检','罗玉芳','63112',0,NULL,0),(1459,12,'成检','赵小敏','63113',0,NULL,0),(1460,12,'线长','安新奎','64114',0,NULL,1),(1461,12,'压制','赖永胜','64115',0,NULL,0),(1462,12,'压制','李  健','64116',0,NULL,0),(1463,12,'压制','戴家荣','64117',0,NULL,0),(1464,12,'车工','周世容','64118',0,NULL,0),(1465,12,'车工','余  伦','64119',0,NULL,0),(1466,12,'班组长','罗有军','64120',0,NULL,0),(1467,12,'整形','李学勇','64121',0,NULL,0),(1468,12,'刷毛刺','令狐世群','64122',0,NULL,0),(1469,12,'刷毛刺','李晓虹','64123',0,NULL,0),(1470,12,'成检','舒盛玲','64124',0,NULL,0),(1471,12,'成检','何花容','64125',0,NULL,0),(1472,12,'压制打毛刺','陈登琴','64126',0,NULL,0),(1473,12,'整形','刘永寿','64127',0,NULL,0),(1474,12,'车工','刘  强','64128',0,NULL,0),(1475,12,'压制打毛刺','李梅芳','64129',0,NULL,0),(1476,12,'车工','黎  川','64130',0,NULL,0),(1477,12,'车工','欧  勇','64131',0,NULL,0),(1478,12,'车工','付昌勇','64132',0,NULL,0),(1479,12,'压制工','邓  冬','64133',0,NULL,0),(1480,12,'车工','何  政','64134',0,NULL,0),(1481,12,'车工','马  豪','64135',0,NULL,0),(1482,12,'车工','张孝顺','64136',0,NULL,0),(1483,12,'车工','米  川','64137',0,NULL,0),(1484,12,'压制工','赵小强','64138',0,NULL,0),(1485,12,'车工','黄  毅','64139',0,NULL,0),(1486,12,'车工','李  俊','64140',0,NULL,0),(1487,12,'杂工','王兴利','64141',0,NULL,0),(1488,12,'压制工','赵洪杰','64142',0,NULL,0),(1489,12,'车工','朱龙飞','64143',0,NULL,0),(1490,12,'车工','严  勋','64144',0,NULL,0),(1491,13,'滚齿','重庆科达机械有限公司','00001',0,NULL,0),(1492,13,'氧化','重庆市沙坪坝区利恒机械加工厂','00002',0,NULL,0),(1493,13,'机加工','重庆发亿机械制造厂','00003',0,NULL,0),(1494,13,'机加工','重庆群光机械工具制造有限公司','00004',0,NULL,0),(1495,13,'机加工','沙坪坝区展宏机械加工厂','00005',0,NULL,0),(1496,13,'抛丸','重庆勤勉金属制品有限公司','00006',0,NULL,0),(1497,13,'浸渗','重庆吉盛机电有限公司','00007',0,NULL,0),(1498,13,'浸渗','重庆泛浩科技有限公司','00008',0,NULL,0),(1499,13,'热处理','重庆丰东神五热处理工程有限公司','00009',0,NULL,0),(1500,13,'机加工','重庆德运机械制造有限公司','00010',0,NULL,0),(1501,13,'渗氮','重庆鼎星渗氮表面处理有限公司','00011',0,NULL,0),(1502,13,'机加工','沙坪坝区斯瑞特茨机械加工厂','00012',0,NULL,0),(1503,13,'热处理','重庆嘉禾热处理有限公司','00013',0,NULL,0),(1504,13,'机加工','重庆荣仕科技有限公司','00014',0,NULL,0);
/*!40000 ALTER TABLE `staff` ENABLE KEYS */;
UNLOCK TABLES;

--
-- Table structure for table `staffkind`
--

DROP TABLE IF EXISTS `staffkind`;
/*!40101 SET @saved_cs_client     = @@character_set_client */;
/*!40101 SET character_set_client = utf8 */;
CREATE TABLE `staffkind` (
  `Id` int(11) NOT NULL auto_increment,
  `kindDesc` varchar(20) default NULL,
  `isDelete` int(11) default NULL,
  `deleteTime` date default NULL,
  PRIMARY KEY  (`Id`)
) ENGINE=InnoDB AUTO_INCREMENT=132 DEFAULT CHARSET=utf8;
/*!40101 SET character_set_client = @saved_cs_client */;

--
-- Dumping data for table `staffkind`
--

LOCK TABLES `staffkind` WRITE;
/*!40000 ALTER TABLE `staffkind` DISABLE KEYS */;
INSERT INTO `staffkind` VALUES (1,'',0,NULL),(2,'设备员',0,NULL),(3,'焊工',0,NULL),(4,'压制打毛刺',0,NULL),(5,'倒角机',0,NULL),(6,'倒角',0,NULL),(7,'清冼、打毛刺',0,NULL),(8,'班长',0,NULL),(9,'煮油工',0,NULL),(10,'检验',0,NULL),(11,'光饰',0,NULL),(12,'磨工',0,NULL),(13,'装配工',0,NULL),(14,'行车工',0,NULL),(15,'煮油',0,NULL),(16,'车工、装配',0,NULL),(17,'混料工',0,NULL),(18,'成检GP12',0,NULL),(19,'副部长',0,NULL),(20,'磨工、钻床',0,NULL),(21,'砂芯工',0,NULL),(22,'蒸汽处理',0,NULL),(23,'钻床、磨床',0,NULL),(24,'清洗工',0,NULL),(25,'烧结班长',0,NULL),(26,'锯工、铣工',0,NULL),(27,'全检、包装',0,NULL),(28,'全检',0,NULL),(29,'包装、打毛刺',0,NULL),(30,'检验、包装',0,NULL),(31,'压制（班长）',0,NULL),(32,'数控车工',0,NULL),(33,'压制',0,NULL),(34,'清洗包装',0,NULL),(35,'车床班长',0,NULL),(36,'工人',0,NULL),(37,'压铸工',0,NULL),(38,'刷毛刺',0,NULL),(39,'挤齿',0,NULL),(40,'混料',0,NULL),(41,'加工中心调整',0,NULL),(42,'技术员',0,NULL),(43,'压制工',0,NULL),(44,'试压、钻工',0,NULL),(45,'铸造调整',0,NULL),(46,'立磨',0,NULL),(47,'铣工、锯工',0,NULL),(48,'成检',0,NULL),(49,'线长',0,NULL),(50,'综合管理员',0,NULL),(51,'挤齿、车工',0,NULL),(52,'车工、挤齿',0,NULL),(53,'杂工',0,NULL),(54,'钻工',0,NULL),(55,'部长助理兼线长',0,NULL),(56,'装配',0,NULL),(57,'清洗包装班长',0,NULL),(58,'打毛刺、清冼',0,NULL),(59,'性能试验',0,NULL),(60,'整形',0,NULL),(61,'压制调整师',0,NULL),(62,'砂毛刺',0,NULL),(63,'模具管理员',0,NULL),(64,'包装',0,NULL),(65,'倒角机、剃齿机',0,NULL),(66,'混料/班长',0,NULL),(67,'修补',0,NULL),(68,'数控车床',0,NULL),(69,'部长助理',0,NULL),(70,'锯工',0,NULL),(71,'设备员、调整工',0,NULL),(72,'烘砂',0,NULL),(73,'打毛刺、脱砂',0,NULL),(74,'浇注工',0,NULL),(75,'加工中心',0,NULL),(76,'压制调整工',0,NULL),(77,'烧结工',0,NULL),(78,'剃齿机、滚齿',0,NULL),(79,'压制学徒',0,NULL),(80,'整形工',0,NULL),(81,'打毛刺',0,NULL),(82,'脱砂工',0,NULL),(83,'班组长',0,NULL),(84,'副线长',0,NULL),(85,'打毛刺、清冼工',0,NULL),(86,'驾驶员',0,NULL),(87,'刀具库管员',0,NULL),(88,'模具库管员',0,NULL),(89,'磨工、倒角',0,NULL),(90,'钻床',0,NULL),(91,'压淬',0,NULL),(92,'铣工',0,NULL),(93,'包装班长',0,NULL),(94,'搬运工',0,NULL),(95,'模具员',0,NULL),(96,'拉床',0,NULL),(97,'压制/辅工',0,NULL),(98,'压制班长',0,NULL),(99,'主管技术员',0,NULL),(100,'铣床、钻床',0,NULL),(101,'铣床、钻床、磨床',0,NULL),(102,'清洁工',0,NULL),(103,'辅助工',0,NULL),(104,'钳工',0,NULL),(105,'清洗',0,NULL),(106,'现场管理员',0,NULL),(107,'副班长',0,NULL),(108,'锯工、打毛刺',0,NULL),(109,'组长',0,NULL),(110,'试压工',0,NULL),(111,'磨床班长',0,NULL),(112,'压铸工、铣床',0,NULL),(113,'质量管理员',0,NULL),(114,'试压、打毛刺',0,NULL),(115,'模具管理',0,NULL),(116,'打毛刺、试压工',0,NULL),(117,'试压',0,NULL),(118,'专检',0,NULL),(119,'车工',0,NULL),(120,'打毛刺、清洗',0,NULL),(121,'去毛刺',0,NULL),(122,'技术主管',0,NULL),(123,'部长',0,NULL),(124,'熔炼工',0,NULL),(125,'氧化',0,NULL),(126,'热处理',0,NULL),(127,'抛丸',0,NULL),(128,'滚齿',0,NULL),(129,'渗氮',0,NULL),(130,'机加工',0,NULL),(131,'浸渗',0,NULL);
/*!40000 ALTER TABLE `staffkind` ENABLE KEYS */;
UNLOCK TABLES;

--
-- Table structure for table `user`
--

DROP TABLE IF EXISTS `user`;
/*!40101 SET @saved_cs_client     = @@character_set_client */;
/*!40101 SET character_set_client = utf8 */;
CREATE TABLE `user` (
  `Id` int(11) NOT NULL auto_increment,
  `username` varchar(20) default NULL,
  `password` varchar(20) default NULL,
  `level` int(11) default NULL,
  `isDelete` int(11) default '0',
  `deleteTime` date default NULL,
  `deptName` varchar(20) default NULL,
  PRIMARY KEY  (`Id`)
) ENGINE=InnoDB AUTO_INCREMENT=4 DEFAULT CHARSET=utf8;
/*!40101 SET character_set_client = @saved_cs_client */;

--
-- Dumping data for table `user`
--

LOCK TABLES `user` WRITE;
/*!40000 ALTER TABLE `user` DISABLE KEYS */;
INSERT INTO `user` VALUES (1,'admin','admin',3,0,NULL,NULL),(2,'admin','admin',2,0,NULL,NULL),(3,'hx','hx',2,0,NULL,'制造一部');
/*!40000 ALTER TABLE `user` ENABLE KEYS */;
UNLOCK TABLES;

--
-- Table structure for table `workform`
--

DROP TABLE IF EXISTS `workform`;
/*!40101 SET @saved_cs_client     = @@character_set_client */;
/*!40101 SET character_set_client = utf8 */;
CREATE TABLE `workform` (
  `Id` int(11) NOT NULL auto_increment,
  `batchId` int(11) default NULL,
  `procId` int(11) default NULL,
  `quaNum` int(11) default NULL,
  `disqNum` int(11) default NULL,
  `time` date default NULL,
  `isDelete` int(11) default NULL,
  `deleteTime` date default NULL,
  `name` varchar(20) default NULL,
  PRIMARY KEY  (`Id`)
) ENGINE=InnoDB DEFAULT CHARSET=utf8;
/*!40101 SET character_set_client = @saved_cs_client */;

--
-- Dumping data for table `workform`
--

LOCK TABLES `workform` WRITE;
/*!40000 ALTER TABLE `workform` DISABLE KEYS */;
/*!40000 ALTER TABLE `workform` ENABLE KEYS */;
UNLOCK TABLES;
/*!40103 SET TIME_ZONE=@OLD_TIME_ZONE */;

/*!40101 SET SQL_MODE=@OLD_SQL_MODE */;
/*!40014 SET FOREIGN_KEY_CHECKS=@OLD_FOREIGN_KEY_CHECKS */;
/*!40014 SET UNIQUE_CHECKS=@OLD_UNIQUE_CHECKS */;
/*!40101 SET CHARACTER_SET_CLIENT=@OLD_CHARACTER_SET_CLIENT */;
/*!40101 SET CHARACTER_SET_RESULTS=@OLD_CHARACTER_SET_RESULTS */;
/*!40101 SET COLLATION_CONNECTION=@OLD_COLLATION_CONNECTION */;
/*!40111 SET SQL_NOTES=@OLD_SQL_NOTES */;

-- Dump completed on 2012-09-18  7:52:45
